no,animal,link
1,Aardvark,https://a-z-animals.com/animals/aardvark/
2,Aardwolf,https://a-z-animals.com/animals/aardwolf/
3,Abyssinian,https://a-z-animals.com/animals/abyssinian/
4,Addax,https://a-z-animals.com/animals/addax/
5,Adelie Penguin,https://a-z-animals.com/animals/adelie-penguin/
6,Affenpinscher,https://a-z-animals.com/animals/affenpinscher/
7,Afghan Hound,https://a-z-animals.com/animals/afghan-hound/
8,African Bullfrog,https://a-z-animals.com/animals/african-bullfrog/
9,African Bush Elephant,https://a-z-animals.com/animals/african-bush-elephant/
10,African Civet,https://a-z-animals.com/animals/african-civet/
11,African Clawed Frog,https://a-z-animals.com/animals/african-clawed-frog/
12,African Forest Elephant,https://a-z-animals.com/animals/african-forest-elephant/
13,African Grey Parrot,https://a-z-animals.com/animals/african-grey-parrot/
14,African Palm Civet,https://a-z-animals.com/animals/african-palm-civet/
15,African Penguin,https://a-z-animals.com/animals/african-penguin/
16,African Tree Toad,https://a-z-animals.com/animals/african-tree-toad/
17,African Wild Dog,https://a-z-animals.com/animals/african-wild-dog/
18,Aidi,https://a-z-animals.com/animals/aidi/
19,Ainu,https://a-z-animals.com/animals/ainu/
20,Airedale Terrier,https://a-z-animals.com/animals/airedale-terrier/
21,Airedoodle,https://a-z-animals.com/animals/airedoodle/
22,Akbash,https://a-z-animals.com/animals/akbash/
23,Akita,https://a-z-animals.com/animals/akita/
24,Akita Shepherd,https://a-z-animals.com/animals/akita-shepherd/
25,Alabai,https://a-z-animals.com/animals/alabai/
26,Alaskan Husky,https://a-z-animals.com/animals/alaskan-husky/
27,Alaskan Klee Kai,https://a-z-animals.com/animals/alaskan-klee-kai/
28,Alaskan Malamute,https://a-z-animals.com/animals/alaskan-malamute/
29,Alaskan Shepherd,https://a-z-animals.com/animals/alaskan-shepherd/
30,Albacore Tuna,https://a-z-animals.com/animals/albacore-tuna/
31,Albatross,https://a-z-animals.com/animals/albatross/
32,Aldabra Giant Tortoise,https://a-z-animals.com/animals/aldabra-giant-tortoise/
33,Alligator,https://a-z-animals.com/animals/alligator/
34,Alligator Gar,https://a-z-animals.com/animals/alligator-gar/
35,Alpaca,https://a-z-animals.com/animals/alpaca/
36,Alpine Dachsbracke,https://a-z-animals.com/animals/alpine-dachsbracke/
37,Alpine Goat,https://a-z-animals.com/animals/alpine-goat/
38,Alusky,https://a-z-animals.com/animals/alusky/
39,Amazon Parrot,https://a-z-animals.com/animals/amazon-parrot/
40,Amazon River Dolphin (Pink Dolphin),https://a-z-animals.com/animals/pink-dolphin/
41,Ambrosia Beetle,https://a-z-animals.com/animals/ambrosia-beetle/
42,American Alsatian,https://a-z-animals.com/animals/american-alsatian/
43,American Bulldog,https://a-z-animals.com/animals/american-bulldog/
44,American Cocker Spaniel,https://a-z-animals.com/animals/american-cocker-spaniel/
45,American Cockroach,https://a-z-animals.com/animals/american-cockroach/
46,American Coonhound,https://a-z-animals.com/animals/american-coonhound/
47,American Eskimo Dog,https://a-z-animals.com/animals/american-eskimo-dog/
48,American Foxhound,https://a-z-animals.com/animals/american-foxhound/
49,American Hairless Terrier,https://a-z-animals.com/animals/american-hairless-terrier/
50,American Leopard Hound,https://a-z-animals.com/animals/american-leopard-hound/
51,American Pit Bull Terrier,https://a-z-animals.com/animals/american-pit-bull-terrier/
52,American Pygmy Goat,https://a-z-animals.com/animals/american-pygmy-goat/
53,American Robin,https://a-z-animals.com/animals/american-robin/
54,American Staffordshire Terrier,https://a-z-animals.com/animals/american-staffordshire-terrier/
55,American Toad,https://a-z-animals.com/animals/american-toad/
56,American Water Spaniel,https://a-z-animals.com/animals/american-water-spaniel/
57,Amur Leopard,https://a-z-animals.com/animals/amur-leopard/
58,Anatolian Shepherd Dog,https://a-z-animals.com/animals/anatolian-shepherd-dog/
59,Anchovies,https://a-z-animals.com/animals/anchovies/
60,Angelfish,https://a-z-animals.com/animals/angelfish/
61,Anglerfish,https://a-z-animals.com/animals/anglerfish/
62,Angora Goat,https://a-z-animals.com/animals/angora-goat/
63,Ant,https://a-z-animals.com/animals/ant/
64,Antarctic scale worm,https://a-z-animals.com/animals/antarctic-scale-worm/
65,Anteater,https://a-z-animals.com/animals/anteater/
66,Antelope,https://a-z-animals.com/animals/antelope/
67,Appenzeller Dog,https://a-z-animals.com/animals/appenzeller-dog/
68,Apple Head Chihuahua,https://a-z-animals.com/animals/apple-head-chihuahua/
69,Arapaima,https://a-z-animals.com/animals/arapaima/
70,Arctic Fox,https://a-z-animals.com/animals/arctic-fox/
71,Arctic Hare,https://a-z-animals.com/animals/arctic-hare/
72,Arctic Wolf,https://a-z-animals.com/animals/arctic-wolf/
73,Arizona Bark Scorpion,https://a-z-animals.com/animals/arizona-bark-scorpion/
74,Armadillo,https://a-z-animals.com/animals/armadillo/
75,Armadillo Lizard,https://a-z-animals.com/animals/armadillo-lizard/
76,Armyworm,https://a-z-animals.com/animals/armyworm/
77,Asian Elephant,https://a-z-animals.com/animals/asian-elephant/
78,Asian Giant Hornet,https://a-z-animals.com/animals/asian-giant-hornet/
79,Asian Palm Civet,https://a-z-animals.com/animals/asian-palm-civet/
80,Asiatic Black Bear,https://a-z-animals.com/animals/asiatic-black-bear/
81,Asp,https://a-z-animals.com/animals/asp/
82,Aurochs,https://a-z-animals.com/animals/aurochs/
83,Aussiedoodle,https://a-z-animals.com/animals/aussiedoodle/
84,Aussiedor,https://a-z-animals.com/animals/aussiedor/
85,Australian Bulldog,https://a-z-animals.com/animals/australian-bulldog/
86,Australian Cattle Dog,https://a-z-animals.com/animals/australian-cattle-dog/
87,Australian Gecko,https://a-z-animals.com/animals/australian-gecko/
88,Australian Kelpie Dog,https://a-z-animals.com/animals/australian-kelpie-dog/
89,Australian Labradoodle,https://a-z-animals.com/animals/australian-labradoodle/
90,Australian Mist,https://a-z-animals.com/animals/australian-mist/
91,Australian Retriever,https://a-z-animals.com/animals/australian-retriever/
92,Australian Shepherd,https://a-z-animals.com/animals/australian-shepherd/
93,Australian Terrier,https://a-z-animals.com/animals/australian-terrier/
94,Avocet,https://a-z-animals.com/animals/avocet/
95,Axolotl,https://a-z-animals.com/animals/axolotl/
96,Aye Aye,https://a-z-animals.com/animals/aye-aye/
97,Babirusa,https://a-z-animals.com/animals/babirusa/
98,Baboon,https://a-z-animals.com/animals/baboon/
99,Bactrian Camel,https://a-z-animals.com/animals/bactrian-camel/
100,Badger,https://a-z-animals.com/animals/badger/
101,Baiji,https://a-z-animals.com/animals/baiji/
102,Bald Eagle,https://a-z-animals.com/animals/bald-eagle/
103,Baleen Whale,https://a-z-animals.com/animals/baleen-whale/
104,Balinese,https://a-z-animals.com/animals/balinese/
105,Balkan Lynx,https://a-z-animals.com/animals/balkan-lynx/
106,Banana Ball Python,https://a-z-animals.com/animals/banana-ball-python/
107,Banana Spider,https://a-z-animals.com/animals/banana-spider/
108,Banded Palm Civet,https://a-z-animals.com/animals/banded-palm-civet/
109,Banded Water Snake,https://a-z-animals.com/animals/banded-water-snake/
110,Bandicoot,https://a-z-animals.com/animals/bandicoot/
111,Banjo Catfish,https://a-z-animals.com/animals/banjo-catfish/
112,Barb,https://a-z-animals.com/animals/barb/
113,Barbet,https://a-z-animals.com/animals/barbet/
114,Barn Owl,https://a-z-animals.com/animals/barn-owl/
115,Barn Swallow,https://a-z-animals.com/animals/barn-swallow/
116,Barnacle,https://a-z-animals.com/animals/barnacle/
117,Barracuda,https://a-z-animals.com/animals/barracuda/
118,Barramundi Fish,https://a-z-animals.com/animals/barramundi-fish/
119,Barred Owl,https://a-z-animals.com/animals/barred-owl/
120,Basenji Dog,https://a-z-animals.com/animals/basenji-dog/
121,Basilisk Lizard,https://a-z-animals.com/animals/basilisk-lizard/
122,Basking Shark,https://a-z-animals.com/animals/basking-shark/
123,Bassador,https://a-z-animals.com/animals/bassador/
124,Basset Fauve de Bretagne,https://a-z-animals.com/animals/basset-fauve-de-bretagne/
125,Basset Hound,https://a-z-animals.com/animals/basset-hound/
126,Bassetoodle,https://a-z-animals.com/animals/bassetoodle/
127,Bat,https://a-z-animals.com/animals/bat/
128,Bavarian Mountain Hound,https://a-z-animals.com/animals/bavarian-mountain-hound/
129,Bea-Tzu,https://a-z-animals.com/animals/bea-tzu/
130,Beabull,https://a-z-animals.com/animals/beabull/
131,Beagador,https://a-z-animals.com/animals/beagador/
132,Beagle,https://a-z-animals.com/animals/beagle/
133,Beagle Shepherd,https://a-z-animals.com/animals/beagle-shepherd/
134,Beaglier,https://a-z-animals.com/animals/beaglier/
135,Beago,https://a-z-animals.com/animals/beago/
136,Bear,https://a-z-animals.com/animals/bear/
137,Bearded Collie,https://a-z-animals.com/animals/bearded-collie/
138,Bearded Dragon,https://a-z-animals.com/animals/bearded-dragon/
139,Beaski,https://a-z-animals.com/animals/beaski/
140,Beauceron,https://a-z-animals.com/animals/beauceron/
141,Beaver,https://a-z-animals.com/animals/beaver/
142,Bed Bugs,https://a-z-animals.com/animals/bed-bugs/
143,Bedlington Terrier,https://a-z-animals.com/animals/bedlington-terrier/
144,Bee,https://a-z-animals.com/animals/bee/
145,Beefalo,https://a-z-animals.com/animals/beefalo/
146,Beetle,https://a-z-animals.com/animals/beetle/
147,Belgian Shepherd,https://a-z-animals.com/animals/belgian-shepherd/
148,Belgian Tervuren,https://a-z-animals.com/animals/belgian-tervuren/
149,Beluga Sturgeon,https://a-z-animals.com/animals/beluga-sturgeon/
150,Bengal Tiger,https://a-z-animals.com/animals/bengal-tiger/
151,Bergamasco,https://a-z-animals.com/animals/bergamasco/
152,Berger Picard,https://a-z-animals.com/animals/berger-picard/
153,Bernedoodle,https://a-z-animals.com/animals/bernedoodle/
154,Bernese Mountain Dog,https://a-z-animals.com/animals/bernese-mountain-dog/
155,Bernese Shepherd,https://a-z-animals.com/animals/bernese-shepherd/
156,Bichir,https://a-z-animals.com/animals/bichir/
157,Bichon Frise,https://a-z-animals.com/animals/bichon-frise/
158,Bichpoo,https://a-z-animals.com/animals/bichpoo/
159,Biewer Terrier,https://a-z-animals.com/animals/biewer-terrier/
160,Bighorn Sheep,https://a-z-animals.com/animals/bighorn-sheep/
161,Bilby,https://a-z-animals.com/animals/bilby/
162,Binturong,https://a-z-animals.com/animals/binturong/
163,Bird,https://a-z-animals.com/animals/bird/
164,Bird Of Paradise,https://a-z-animals.com/animals/birds-of-paradise/
165,Birman,https://a-z-animals.com/animals/birman/
166,Biscuit Beetle,https://a-z-animals.com/animals/biscuit-beetle/
167,Bison,https://a-z-animals.com/animals/bison/
168,Black And Tan Coonhound,https://a-z-animals.com/animals/black-and-tan-coonhound/
169,Black Marlin,https://a-z-animals.com/animals/black-marlin/
170,Black Rhinoceros,https://a-z-animals.com/animals/black-rhinoceros/
171,Black Russian Terrier,https://a-z-animals.com/animals/black-russian-terrier/
172,Black Wasp,https://a-z-animals.com/animals/black-wasp/
173,Black Widow Spider,https://a-z-animals.com/animals/black-widow-spider/
174,Black-Footed Ferret,https://a-z-animals.com/animals/black-footed-ferret/
175,Blackpoll Warbler,https://a-z-animals.com/animals/blackpoll-warbler/
176,Blanket Octopus,https://a-z-animals.com/animals/blanket-octopus/
177,Blister Beetle,https://a-z-animals.com/animals/blister-beetle/
178,Blobfish,https://a-z-animals.com/animals/blobfish/
179,Blood Python,https://a-z-animals.com/animals/blood-python/
180,Bloodhound,https://a-z-animals.com/animals/bloodhound/
181,Blue Belly Lizard,https://a-z-animals.com/animals/blue-belly-lizard/
182,Blue grosbeak,https://a-z-animals.com/animals/blue-grosbeak/
183,Blue Iguana,https://a-z-animals.com/animals/blue-iguana/
184,Blue Jay,https://a-z-animals.com/animals/blue-jay/
185,Blue Lacy Dog,https://a-z-animals.com/animals/blue-lacy-dog/
186,Blue Picardy Spaniel,https://a-z-animals.com/animals/blue-picardy-spaniel/
187,Blue Shark,https://a-z-animals.com/animals/blue-shark/
188,Blue Whale,https://a-z-animals.com/animals/blue-whale/
189,Blue-Ringed Octopus,https://a-z-animals.com/animals/blue-ringed-octopus/
190,Bluefin Tuna,https://a-z-animals.com/animals/bluefin-tuna/
191,Bluetick Coonhound,https://a-z-animals.com/animals/bluetick-coonhound/
192,Bobcat,https://a-z-animals.com/animals/bobcat/
193,Bobolink,https://a-z-animals.com/animals/bobolink/
194,Boggle,https://a-z-animals.com/animals/boggle/
195,Boglen Terrier,https://a-z-animals.com/animals/boglen-terrier/
196,Bolognese Dog,https://a-z-animals.com/animals/bolognese-dog/
197,Bombay,https://a-z-animals.com/animals/bombay/
198,Bongo,https://a-z-animals.com/animals/bongo/
199,Bonito Fish,https://a-z-animals.com/animals/bonito-fish/
200,Bonnethead Shark,https://a-z-animals.com/animals/bonnethead-shark/
201,Bonobo,https://a-z-animals.com/animals/bonobo/
202,Booby,https://a-z-animals.com/animals/booby/
203,Boomslang,https://a-z-animals.com/animals/boomslang/
204,Borador,https://a-z-animals.com/animals/borador/
205,Border Collie,https://a-z-animals.com/animals/border-collie/
206,Border Terrier,https://a-z-animals.com/animals/border-terrier/
207,Bordoodle,https://a-z-animals.com/animals/bordoodle/
208,Borkie,https://a-z-animals.com/animals/borkie/
209,Bornean Orang-utan,https://a-z-animals.com/animals/bornean-orang-utan/
210,Borneo Elephant,https://a-z-animals.com/animals/borneo-elephant/
211,Boston Terrier,https://a-z-animals.com/animals/boston-terrier/
212,Bottlenose Dolphin,https://a-z-animals.com/animals/bottlenose-dolphin/
213,Bouvier Des Flandres,https://a-z-animals.com/animals/bouvier-des-flandres/
214,Bowfin,https://a-z-animals.com/animals/bowfin/
215,Bowhead Whale,https://a-z-animals.com/animals/bowhead-whale/
216,Box Turtle,https://a-z-animals.com/animals/box-turtle/
217,Boxador,https://a-z-animals.com/animals/boxador/
218,Boxer Dog,https://a-z-animals.com/animals/boxer-dog/
219,Boxerdoodle,https://a-z-animals.com/animals/boxerdoodle/
220,Boxsky,https://a-z-animals.com/animals/boxsky/
221,Boxweiler,https://a-z-animals.com/animals/boxweiler/
222,Boykin Spaniel,https://a-z-animals.com/animals/boykin-spaniel/
223,Brazilian Terrier,https://a-z-animals.com/animals/brazilian-terrier/
224,British Timber,https://a-z-animals.com/animals/british-timber/
225,Brittany,https://a-z-animals.com/animals/brittany/
226,Brookesia Micra,https://a-z-animals.com/animals/brookesia-micra/
227,Brown Bear,https://a-z-animals.com/animals/brown-bear/
228,Brown Hyena,https://a-z-animals.com/animals/brown-hyena/
229,Brown Water Snake,https://a-z-animals.com/animals/brown-water-snake/
230,Brug,https://a-z-animals.com/animals/brug/
231,Brussels Griffon,https://a-z-animals.com/animals/brussels-griffon/
232,Budgerigar,https://a-z-animals.com/animals/budgerigar/
233,Buffalo,https://a-z-animals.com/animals/buffalo/
234,Bull Shark,https://a-z-animals.com/animals/bull-shark/
235,Bull Terrier,https://a-z-animals.com/animals/bull-terrier/
236,Bulldog,https://a-z-animals.com/animals/bulldog/
237,Bullfrog,https://a-z-animals.com/animals/bullfrog/
238,Bullmastiff,https://a-z-animals.com/animals/bullmastiff/
239,Bumblebee,https://a-z-animals.com/animals/bumble-bee/
240,Burmese,https://a-z-animals.com/animals/burmese/
241,Burmese Python,https://a-z-animals.com/animals/burmese-python/
242,Burrowing Frog,https://a-z-animals.com/animals/burrowing-frog/
243,Burrowing Owl,https://a-z-animals.com/animals/burrowing-owl/
244,Bush Baby,https://a-z-animals.com/animals/bush-baby/
245,Bush Viper,https://a-z-animals.com/animals/bush-viper/
246,Bushmaster Snake,https://a-z-animals.com/animals/bushmaster-snake/
247,Butterfly,https://a-z-animals.com/animals/butterfly/
248,Butterfly Fish,https://a-z-animals.com/animals/butterfly-fish/
249,Cactus Mouse,https://a-z-animals.com/animals/cactus-mouse/
250,Caecilian,https://a-z-animals.com/animals/caecilian/
251,Caiman,https://a-z-animals.com/animals/caiman/
252,Caiman Lizard,https://a-z-animals.com/animals/caiman-lizard/
253,Cairn Terrier,https://a-z-animals.com/animals/cairn-terrier/
254,Camel,https://a-z-animals.com/animals/camel/
255,Camel Cricket,https://a-z-animals.com/animals/camel-cricket/
256,Camel Spider,https://a-z-animals.com/animals/camel-spider/
257,Canaan Dog,https://a-z-animals.com/animals/canaan-dog/
258,Canada Lynx,https://a-z-animals.com/animals/canada-lynx/
259,Canadian Eskimo Dog,https://a-z-animals.com/animals/canadian-eskimo-dog/
260,Canadian Horse,https://a-z-animals.com/animals/canadian-horse/
261,Cane Corso,https://a-z-animals.com/animals/cane-corso/
262,Cape Lion,https://a-z-animals.com/animals/cape-lion/
263,Capybara,https://a-z-animals.com/animals/capybara/
264,Caracal,https://a-z-animals.com/animals/caracal/
265,Caribou,https://a-z-animals.com/animals/caribou/
266,Carolina Dog,https://a-z-animals.com/animals/carolina-dog/
267,Carolina Parakeet,https://a-z-animals.com/animals/carolina-parakeet/
268,Carp,https://a-z-animals.com/animals/carp/
269,Carpenter Ant,https://a-z-animals.com/animals/carpenter-ant/
270,Carpet Viper,https://a-z-animals.com/animals/carpet-viper/
271,Cashmere Goat,https://a-z-animals.com/animals/cashmere-goat/
272,Cassowary,https://a-z-animals.com/animals/cassowary/
273,Cat,https://a-z-animals.com/animals/cat/
274,Catahoula Leopard,https://a-z-animals.com/animals/catahoula-leopard/
275,Catalan Sheepdog,https://a-z-animals.com/animals/catalan-sheepdog/
276,Caterpillar,https://a-z-animals.com/animals/caterpillar/
277,Catfish,https://a-z-animals.com/animals/catfish/
278,Cava Tzu,https://a-z-animals.com/animals/cava-tzu/
279,Cavador,https://a-z-animals.com/animals/cavador/
280,Cavalier King Charles Spaniel,https://a-z-animals.com/animals/cavalier-king-charles-spaniel/
281,Cavapoo,https://a-z-animals.com/animals/cavapoo/
282,Centipede,https://a-z-animals.com/animals/centipede/
283,Cesky Fousek,https://a-z-animals.com/animals/cesky-fousek/
284,Cesky Terrier,https://a-z-animals.com/animals/cesky-terrier/
285,Chameleon,https://a-z-animals.com/animals/chameleon/
286,Chamois,https://a-z-animals.com/animals/chamois/
287,Chartreux,https://a-z-animals.com/animals/chartreux/
288,Cheagle,https://a-z-animals.com/animals/cheagle/
289,Cheetah,https://a-z-animals.com/animals/cheetah/
290,Chesapeake Bay Retriever,https://a-z-animals.com/animals/chesapeake-bay-retriever/
291,Chickadee,https://a-z-animals.com/animals/chickadee/
292,Chicken,https://a-z-animals.com/animals/chicken/
293,Chihuahua,https://a-z-animals.com/animals/chihuahua/
294,Chimaera,https://a-z-animals.com/animals/chimaera/
295,Chimpanzee,https://a-z-animals.com/animals/chimpanzee/
296,Chinchilla,https://a-z-animals.com/animals/chinchilla/
297,Chinese Alligator,https://a-z-animals.com/animals/chinese-alligator/
298,Chinese Crested Dog,https://a-z-animals.com/animals/chinese-crested-dog/
299,Chinese Geese,https://a-z-animals.com/animals/chinese-geese/
300,Chinese Paddlefish,https://a-z-animals.com/animals/chinese-paddlefish/
301,Chinese Shar-Pei,https://a-z-animals.com/animals/chinese-shar-pei/
302,Chinook,https://a-z-animals.com/animals/chinook/
303,Chinstrap Penguin,https://a-z-animals.com/animals/chinstrap-penguin/
304,Chipmunk,https://a-z-animals.com/animals/chipmunk/
305,Chipoo,https://a-z-animals.com/animals/chipoo/
306,Chiweenie,https://a-z-animals.com/animals/chiweenie/
307,Chorkie,https://a-z-animals.com/animals/chorkie/
308,Chow Chow,https://a-z-animals.com/animals/chow-chow/
309,Chow Shepherd,https://a-z-animals.com/animals/chow-shepherd/
310,Christmas Island Red Crab,https://a-z-animals.com/animals/christmas-island-red-crab/
311,Cicada,https://a-z-animals.com/animals/cicada/
312,Cichlid,https://a-z-animals.com/animals/cichlid/
313,Cinnamon Ferret,https://a-z-animals.com/animals/cinnamon-ferret/
314,Clouded Leopard,https://a-z-animals.com/animals/clouded-leopard/
315,Clownfish,https://a-z-animals.com/animals/clownfish/
316,Clumber Spaniel,https://a-z-animals.com/animals/clumber-spaniel/
317,Coati,https://a-z-animals.com/animals/coati/
318,Cockalier,https://a-z-animals.com/animals/cockalier/
319,Cockapoo,https://a-z-animals.com/animals/cockapoo/
320,Cockatiel,https://a-z-animals.com/animals/cockatiel/
321,Cockatoo,https://a-z-animals.com/animals/cockatoo/
322,Cocker Spaniel,https://a-z-animals.com/animals/cocker-spaniel/
323,Cockroach,https://a-z-animals.com/animals/cockroach/
324,Codfish,https://a-z-animals.com/animals/codfish/
325,Coelacanth,https://a-z-animals.com/animals/coelacanth/
326,Collared Peccary,https://a-z-animals.com/animals/collared-peccary/
327,Collie,https://a-z-animals.com/animals/collie/
328,Colossal Squid,https://a-z-animals.com/animals/colossal-squid/
329,Common Buzzard,https://a-z-animals.com/animals/common-buzzard/
330,Common Frog,https://a-z-animals.com/animals/common-frog/
331,Common Furniture Beetle,https://a-z-animals.com/animals/common-furniture-beetle/
332,Common House Spider,https://a-z-animals.com/animals/common-house-spider/
333,Common Loon,https://a-z-animals.com/animals/common-loon/
334,Common Raven,https://a-z-animals.com/animals/common-raven/
335,Common Toad,https://a-z-animals.com/animals/common-toad/
336,Cookiecutter Shark,https://a-z-animals.com/animals/cookiecutter-shark/
337,Cooper’s Hawk,https://a-z-animals.com/animals/coopers-hawk/
338,Coral,https://a-z-animals.com/animals/coral/
339,Corgidor,https://a-z-animals.com/animals/corgidor/
340,Corgipoo,https://a-z-animals.com/animals/corgipoo/
341,Corkie,https://a-z-animals.com/animals/corkie/
342,Corman Shepherd,https://a-z-animals.com/animals/corman-shepherd/
343,Corn Rex Cat (Cornish Rex),https://a-z-animals.com/animals/corn-rex-cat-cornish-rex/
344,Coton de Tulear,https://a-z-animals.com/animals/coton-de-tulear/
345,Cotton-top Tamarin,https://a-z-animals.com/animals/cotton-top-tamarin/
346,Cottonmouth,https://a-z-animals.com/animals/cottonmouth/
347,Cougar,https://a-z-animals.com/animals/cougar/
348,Cow,https://a-z-animals.com/animals/cow/
349,Coyote,https://a-z-animals.com/animals/coyote/
350,Crab,https://a-z-animals.com/animals/crab/
351,Crab Spider,https://a-z-animals.com/animals/crab-spider/
352,Crab-Eating Macaque,https://a-z-animals.com/animals/crab-eating-macaque/
353,Crabeater Seal,https://a-z-animals.com/animals/crabeater-seal/
354,Crane,https://a-z-animals.com/animals/crane/
355,Crappie Fish,https://a-z-animals.com/animals/crappie-fish/
356,Crested Gecko,https://a-z-animals.com/animals/crested-gecko/
357,Crested Penguin,https://a-z-animals.com/animals/crested-penguin/
358,Cricket,https://a-z-animals.com/animals/cricket/
359,Crocodile,https://a-z-animals.com/animals/crocodile/
360,Cross Fox,https://a-z-animals.com/animals/cross-fox/
361,Cross River Gorilla,https://a-z-animals.com/animals/cross-river-gorilla/
362,Crow,https://a-z-animals.com/animals/crow/
363,Cuckoo,https://a-z-animals.com/animals/cuckoo/
364,Curly Coated Retriever,https://a-z-animals.com/animals/curly-coated-retriever/
365,Cuscus,https://a-z-animals.com/animals/cuscus/
366,Cuttlefish,https://a-z-animals.com/animals/cuttlefish/
367,Czechoslovakian Wolfdog,https://a-z-animals.com/animals/czechoslovakian-wolfdog/
368,Dachsador,https://a-z-animals.com/animals/dachsador/
369,Dachshund,https://a-z-animals.com/animals/dachshund/
370,Dalmadoodle,https://a-z-animals.com/animals/dalmadoodle/
371,Dalmador,https://a-z-animals.com/animals/dalmador/
372,Dalmatian,https://a-z-animals.com/animals/dalmatian/
373,Dapple Dachshund,https://a-z-animals.com/animals/dapple-dachshund/
374,Darwin’s fox,https://a-z-animals.com/animals/darwins-fox/
375,Darwin’s Frog,https://a-z-animals.com/animals/darwins-frog/
376,Deathwatch Beetle,https://a-z-animals.com/animals/deathwatch-beetle/
377,Deer,https://a-z-animals.com/animals/deer/
378,Deer Head Chihuahua,https://a-z-animals.com/animals/deer-head-chihuahua/
379,Desert Locust,https://a-z-animals.com/animals/desert-locust/
380,Desert Rain Frog,https://a-z-animals.com/animals/desert-rain-frog/
381,Desert Tortoise,https://a-z-animals.com/animals/desert-tortoise/
382,Deutsche Bracke,https://a-z-animals.com/animals/deutsche-bracke/
383,Devils Coach Horse Beetle,https://a-z-animals.com/animals/devils-coach-horse-beetle/
384,Devon Rex,https://a-z-animals.com/animals/devon-rex/
385,Dhole,https://a-z-animals.com/animals/dhole/
386,Dik-Dik,https://a-z-animals.com/animals/dik-dik/
387,Dingo,https://a-z-animals.com/animals/dingo/
388,Discus,https://a-z-animals.com/animals/discus/
389,Doberman Pinscher,https://a-z-animals.com/animals/doberman-pinscher/
390,Dodo,https://a-z-animals.com/animals/dodo/
391,Dog,https://a-z-animals.com/animals/dog/
392,Dogo Argentino,https://a-z-animals.com/animals/dogo-argentino/
393,Dogue De Bordeaux,https://a-z-animals.com/animals/dogue-de-bordeaux/
394,Dolphin,https://a-z-animals.com/animals/dolphin/
395,Donkey,https://a-z-animals.com/animals/donkey/
396,Dorgi,https://a-z-animals.com/animals/dorgi/
397,Dorkie,https://a-z-animals.com/animals/dorkie/
398,Dormouse,https://a-z-animals.com/animals/dormouse/
399,Double Doodle,https://a-z-animals.com/animals/double-doodle/
400,Douc,https://a-z-animals.com/animals/douc/
401,Doxiepoo,https://a-z-animals.com/animals/doxiepoo/
402,Doxle,https://a-z-animals.com/animals/doxle/
403,Draco Volans Lizard,https://a-z-animals.com/animals/draco-volans/
404,Dragonfish,https://a-z-animals.com/animals/dragonfish/
405,Dragonfly,https://a-z-animals.com/animals/dragonfly/
406,Drever,https://a-z-animals.com/animals/drever/
407,Drum Fish,https://a-z-animals.com/animals/drum-fish/
408,Duck,https://a-z-animals.com/animals/duck/
409,Dugong,https://a-z-animals.com/animals/dugong/
410,Dung Beetle,https://a-z-animals.com/animals/dung-beetle/
411,Dunker,https://a-z-animals.com/animals/dunker/
412,Dusky Dolphin,https://a-z-animals.com/animals/dusky-dolphin/
413,Dwarf Crocodile,https://a-z-animals.com/animals/dwarf-crocodile/
414,Dwarf Hamster,https://a-z-animals.com/animals/dwarf-hamster/
415,Eagle,https://a-z-animals.com/animals/eagle/
416,Earthworm,https://a-z-animals.com/animals/earthworm/
417,Earwig,https://a-z-animals.com/animals/earwig/
418,Eastern Bluebird,https://a-z-animals.com/animals/eastern-bluebird/
419,Eastern Chipmunk,https://a-z-animals.com/animals/eastern-chipmunk/
420,Eastern Fence Lizard,https://a-z-animals.com/animals/eastern-fence-lizard/
421,Eastern Glass Lizard,https://a-z-animals.com/animals/eastern-glass-lizard/
422,Eastern Gorilla,https://a-z-animals.com/animals/eastern-gorilla/
423,Eastern Lowland Gorilla,https://a-z-animals.com/animals/eastern-lowland-gorilla/
424,Eastern Phoebe,https://a-z-animals.com/animals/eastern-phoebe/
425,Eastern Rat snake,https://a-z-animals.com/animals/eastern-rat-snake/
426,Echidna,https://a-z-animals.com/animals/echidna/
427,Edible Frog,https://a-z-animals.com/animals/edible-frog/
428,Eel,https://a-z-animals.com/animals/eel/
429,Egyptian Mau,https://a-z-animals.com/animals/egyptian-mau/
430,Eland,https://a-z-animals.com/animals/eland/
431,Electric Eel,https://a-z-animals.com/animals/electric-eel/
432,Elephant,https://a-z-animals.com/animals/elephant/
433,Elephant Seal,https://a-z-animals.com/animals/elephant-seal/
434,Elephant Shrew,https://a-z-animals.com/animals/elephant-shrew/
435,Elk,https://a-z-animals.com/animals/elk/
436,Emerald Tree Monitor,https://a-z-animals.com/animals/emerald-tree-monitor/
437,Emperor Penguin,https://a-z-animals.com/animals/emperor-penguin/
438,Emperor Tamarin,https://a-z-animals.com/animals/emperor-tamarin/
439,Emu,https://a-z-animals.com/animals/emu/
440,English Bulldog,https://a-z-animals.com/animals/english-bulldog/
441,English Cocker Spaniel,https://a-z-animals.com/animals/english-cocker-spaniel/
442,English Cream Golden Retriever,https://a-z-animals.com/animals/english-cream-golden-retriever/
443,English Foxhound,https://a-z-animals.com/animals/english-foxhound/
444,English Pointer,https://a-z-animals.com/animals/english-pointer/
445,English Setter,https://a-z-animals.com/animals/english-setter/
446,English Shepherd,https://a-z-animals.com/animals/english-shepherd/
447,English Springer Spaniel,https://a-z-animals.com/animals/english-springer-spaniel/
448,Entlebucher Mountain Dog,https://a-z-animals.com/animals/entlebucher-mountain-dog/
449,Epagneul Pont Audemer,https://a-z-animals.com/animals/epagneul-pont-audemer/
450,Ermine,https://a-z-animals.com/animals/ermine/
451,Eskimo Dog,https://a-z-animals.com/animals/eskimo-dog/
452,Eskipoo,https://a-z-animals.com/animals/eskipoo/
453,Estrela Mountain Dog,https://a-z-animals.com/animals/estrela-mountain-dog/
454,Eurasian Beaver,https://a-z-animals.com/animals/eurasian-beaver/
455,Eurasian Lynx,https://a-z-animals.com/animals/eurasian-lynx/
456,Eurasian Nuthatch,https://a-z-animals.com/animals/eurasian-nuthatch/
457,European Polecat,https://a-z-animals.com/animals/european-polecat/
458,European Wildcat,https://a-z-animals.com/animals/european-wildcat/
459,Evening Bat,https://a-z-animals.com/animals/evening-bat/
460,Falcon,https://a-z-animals.com/animals/falcon/
461,Fallow deer,https://a-z-animals.com/animals/fallow-deer/
462,False Killer Whale,https://a-z-animals.com/animals/false-killer-whale/
463,False Widow Spider,https://a-z-animals.com/animals/false-widow-spider/
464,Fangtooth,https://a-z-animals.com/animals/fangtooth/
465,Feist,https://a-z-animals.com/animals/feist/
466,Fennec Fox,https://a-z-animals.com/animals/fennec-fox/
467,Ferret,https://a-z-animals.com/animals/ferret/
468,Ferruginous Hawk,https://a-z-animals.com/animals/ferruginous-hawk/
469,Fiddler Crab,https://a-z-animals.com/animals/fiddler-crab/
470,Field Spaniel,https://a-z-animals.com/animals/field-spaniel/
471,Fila Brasileiro,https://a-z-animals.com/animals/fila-brasileiro/
472,Fin Whale,https://a-z-animals.com/animals/fin-whale/
473,Finnish Spitz,https://a-z-animals.com/animals/finnish-spitz/
474,Fire salamander,https://a-z-animals.com/animals/fire-salamander/
475,Fire-Bellied Toad,https://a-z-animals.com/animals/fire-bellied-toad/
476,Firefly,https://a-z-animals.com/animals/firefly/
477,Fish,https://a-z-animals.com/animals/fish/
478,Fisher Cat,https://a-z-animals.com/animals/fisher-cat/
479,Fishing Cat,https://a-z-animals.com/animals/fishing-cat/
480,Flamingo,https://a-z-animals.com/animals/flamingo/
481,Flat-Coated Retriever,https://a-z-animals.com/animals/flat-coated-retriever/
482,Flea,https://a-z-animals.com/animals/flea/
483,Florida Gar,https://a-z-animals.com/animals/florida-gar/
484,Florida Panther,https://a-z-animals.com/animals/florida-panther/
485,Flounder,https://a-z-animals.com/animals/flounder/
486,Flowerhorn Fish,https://a-z-animals.com/animals/flowerhorn-fish/
487,Fluke Fish (summer flounder),https://a-z-animals.com/animals/fluke-fish/
488,Fly,https://a-z-animals.com/animals/fly/
489,Flying Fish,https://a-z-animals.com/animals/flying-fish/
490,Flying Lemur,https://a-z-animals.com/animals/flying-lemur/
491,Flying Squirrel,https://a-z-animals.com/animals/flying-squirrel/
492,Formosan Mountain Dog,https://a-z-animals.com/animals/formosan-mountain-dog/
493,Fossa,https://a-z-animals.com/animals/fossa/
494,Fox,https://a-z-animals.com/animals/fox/
495,Fox Squirrel,https://a-z-animals.com/animals/fox-squirrel/
496,Fox Terrier,https://a-z-animals.com/animals/fox-terrier/
497,French Bulldog,https://a-z-animals.com/animals/french-bulldog/
498,Frenchton,https://a-z-animals.com/animals/frenchton/
499,Frengle,https://a-z-animals.com/animals/frengle/
500,Frigatebird,https://a-z-animals.com/animals/frigatebird/
501,Frilled Lizard,https://a-z-animals.com/animals/frilled-lizard/
502,Frilled Shark,https://a-z-animals.com/animals/frilled-shark/
503,Frog,https://a-z-animals.com/animals/frog/
504,Frogfish,https://a-z-animals.com/animals/frogfish/
505,Fruit Bat,https://a-z-animals.com/animals/fruit-bat/
506,Fruit Fly,https://a-z-animals.com/animals/fruit-fly/
507,Fur Seal,https://a-z-animals.com/animals/fur-seal/
508,Gaboon Viper,https://a-z-animals.com/animals/gaboon-viper/
509,Galapagos Penguin,https://a-z-animals.com/animals/galapagos-penguin/
510,Galapagos Tortoise,https://a-z-animals.com/animals/galapagos-tortoise/
511,Gar,https://a-z-animals.com/animals/gar/
512,Garden Eel,https://a-z-animals.com/animals/garden-eel/
513,Garter Snake,https://a-z-animals.com/animals/garter-snake/
514,Gazelle,https://a-z-animals.com/animals/gazelle/
515,Gecko,https://a-z-animals.com/animals/gecko/
516,Genet,https://a-z-animals.com/animals/genet/
517,Gentoo Penguin,https://a-z-animals.com/animals/gentoo-penguin/
518,Geoffroys Tamarin,https://a-z-animals.com/animals/geoffroys-tamarin/
519,Gerberian Shepsky,https://a-z-animals.com/animals/gerberian-shepsky/
520,Gerbil,https://a-z-animals.com/animals/gerbil/
521,German Pinscher,https://a-z-animals.com/animals/german-pinscher/
522,German Shepherd Guide,https://a-z-animals.com/animals/german-shepherd/
523,German Sheppit,https://a-z-animals.com/animals/german-sheppit/
524,German Sheprador,https://a-z-animals.com/animals/german-sheprador/
525,German Shorthaired Pointer,https://a-z-animals.com/animals/german-shorthaired-pointer/
526,German Spitz,https://a-z-animals.com/animals/german-spitz/
527,Gharial,https://a-z-animals.com/animals/gharial/
528,Ghost Crab,https://a-z-animals.com/animals/ghost-crab/
529,Giant African Land Snail,https://a-z-animals.com/animals/giant-african-land-snail/
530,Giant Armadillo,https://a-z-animals.com/animals/giant-armadillo/
531,Giant Clam,https://a-z-animals.com/animals/giant-clam/
532,Giant Panda Bear,https://a-z-animals.com/animals/giant-panda-bear/
533,Giant Salamander,https://a-z-animals.com/animals/giant-salamander/
534,Giant Schnauzer,https://a-z-animals.com/animals/giant-schnauzer/
535,Giant Schnoodle,https://a-z-animals.com/animals/giant-schnoodle/
536,Gibbon,https://a-z-animals.com/animals/gibbon/
537,Gila Monster,https://a-z-animals.com/animals/gila-monster/
538,Giraffe,https://a-z-animals.com/animals/giraffe/
539,Glass Frog,https://a-z-animals.com/animals/glass-frog/
540,Glass Lizard,https://a-z-animals.com/animals/glass-lizard/
541,Glechon,https://a-z-animals.com/animals/glechon/
542,Glen Of Imaal Terrier,https://a-z-animals.com/animals/glen-of-imaal-terrier/
543,Glow Worm,https://a-z-animals.com/animals/glow-worm/
544,Gnat,https://a-z-animals.com/animals/gnat/
545,Goat,https://a-z-animals.com/animals/goat/
546,Goberian,https://a-z-animals.com/animals/goberian/
547,Goblin Shark,https://a-z-animals.com/animals/goblin-sharks/
548,Goldador,https://a-z-animals.com/animals/goldador/
549,Golden Dox,https://a-z-animals.com/animals/golden-dox/
550,Golden Lion Tamarin,https://a-z-animals.com/animals/golden-lion-tamarin/
551,Golden Masked Owl,https://a-z-animals.com/animals/golden-masked-owl/
552,Golden Newfie,https://a-z-animals.com/animals/golden-newfie/
553,Golden Oriole,https://a-z-animals.com/animals/golden-oriole/
554,Golden Pyrenees,https://a-z-animals.com/animals/golden-pyrenees/
555,Golden Retriever,https://a-z-animals.com/animals/golden-retriever/
556,Golden Saint,https://a-z-animals.com/animals/golden-saint/
557,Golden Shepherd,https://a-z-animals.com/animals/golden-shepherd/
558,Golden-Crowned Flying Fox,https://a-z-animals.com/animals/golden-crowned-flying-fox/
559,Goldendoodle,https://a-z-animals.com/animals/goldendoodle/
560,Goldfish,https://a-z-animals.com/animals/goldfish/
561,Goliath Frog,https://a-z-animals.com/animals/goliath-frog/
562,Goose,https://a-z-animals.com/animals/goose/
563,Gopher,https://a-z-animals.com/animals/gopher/
564,Gopher Tortoise,https://a-z-animals.com/animals/gopher-tortoise/
565,Gordon Setter,https://a-z-animals.com/animals/gordon-setter/
566,Gorilla,https://a-z-animals.com/animals/gorilla/
567,Gouldian Finch,https://a-z-animals.com/animals/gouldian-finch/
568,Grasshopper,https://a-z-animals.com/animals/grasshopper/
569,Grasshopper Mouse,https://a-z-animals.com/animals/grasshopper-mouse/
570,Gray Fox,https://a-z-animals.com/animals/gray-fox/
571,Gray Tree Frog,https://a-z-animals.com/animals/gray-tree-frog/
572,Great Blue Heron,https://a-z-animals.com/animals/great-blue-heron/
573,Great Crested Flycatcher,https://a-z-animals.com/animals/great-crested-flycatcher/
574,Great Dane,https://a-z-animals.com/animals/great-dane/
575,Great Danoodle,https://a-z-animals.com/animals/great-danoodle/
576,Great Pyrenees,https://a-z-animals.com/animals/great-pyrenees/
577,Great White Shark,https://a-z-animals.com/animals/great-white-shark/
578,Greater Swiss Mountain Dog,https://a-z-animals.com/animals/greater-swiss-mountain-dog/
579,Green Anole,https://a-z-animals.com/animals/green-anole/
580,Green Bee-Eater,https://a-z-animals.com/animals/green-bee-eater/
581,Green Frog,https://a-z-animals.com/animals/green-frog/
582,Green Tree Frog,https://a-z-animals.com/animals/green-tree-frog/
583,Green Tree Python,https://a-z-animals.com/animals/green-tree-python/
584,Greenland Dog,https://a-z-animals.com/animals/greenland-dog/
585,Greenland Shark,https://a-z-animals.com/animals/greenland-shark/
586,Grey Mouse Lemur,https://a-z-animals.com/animals/grey-mouse-lemur/
587,Grey Reef Shark,https://a-z-animals.com/animals/grey-reef-shark/
588,Grey Seal,https://a-z-animals.com/animals/grey-seal/
589,Greyhound,https://a-z-animals.com/animals/greyhound/
590,Griffonshire,https://a-z-animals.com/animals/griffonshire/
591,Grizzly Bear,https://a-z-animals.com/animals/grizzly-bear/
592,Groenendael,https://a-z-animals.com/animals/groenendael/
593,Groundhog (Woodchuck),https://a-z-animals.com/animals/groundhog-woodchuck/
594,Grouse,https://a-z-animals.com/animals/grouse/
595,Guinea Fowl,https://a-z-animals.com/animals/guinea-fowl/
596,Guinea Pig,https://a-z-animals.com/animals/guinea-pig/
597,Guppy,https://a-z-animals.com/animals/guppy/
598,Haddock,https://a-z-animals.com/animals/haddock/
599,Hagfish,https://a-z-animals.com/animals/hagfish/
600,Hammerhead Shark,https://a-z-animals.com/animals/hammerhead-shark/
601,Hamster,https://a-z-animals.com/animals/hamster/
602,Harbor Seal,https://a-z-animals.com/animals/harbor-seal/
603,Hardhead Catfish,https://a-z-animals.com/animals/hardhead-catfish/
604,Hare,https://a-z-animals.com/animals/hare/
605,Harp Seal,https://a-z-animals.com/animals/harp-seal/
606,Harpy Eagle,https://a-z-animals.com/animals/harpy-eagle/
607,Harrier,https://a-z-animals.com/animals/harrier/
608,Harris Hawk,https://a-z-animals.com/animals/harris-hawk/
609,Havanese,https://a-z-animals.com/animals/havanese/
610,Havapoo,https://a-z-animals.com/animals/havapoo/
611,Havashire,https://a-z-animals.com/animals/havashire/
612,Hawaiian Crow,https://a-z-animals.com/animals/hawaiian-crow/
613,Hawaiian Monk Seal,https://a-z-animals.com/animals/hawaiian-monk-seal/
614,Hedgehog,https://a-z-animals.com/animals/hedgehog/
615,Hellbender,https://a-z-animals.com/animals/hellbender/
616,Hercules Beetle,https://a-z-animals.com/animals/hercules-beetle/
617,Hermit Crab,https://a-z-animals.com/animals/hermit-crab/
618,Heron,https://a-z-animals.com/animals/heron/
619,Herring,https://a-z-animals.com/animals/herring/
620,Highland Cattle,https://a-z-animals.com/animals/highland-cattle/
621,Himalayan,https://a-z-animals.com/animals/himalayan/
622,Hippopotamus,https://a-z-animals.com/animals/hippopotamus/
623,Hoary Bat,https://a-z-animals.com/animals/hoary-bat/
624,Hokkaido,https://a-z-animals.com/animals/hokkaido/
625,Honduran White Bat,https://a-z-animals.com/animals/honduran-white-bat/
626,Honey Badger,https://a-z-animals.com/animals/honey-badger/
627,Honey Bee,https://a-z-animals.com/animals/honey-bee/
628,Honey Buzzard,https://a-z-animals.com/animals/honey-buzzard/
629,Hooded Seal,https://a-z-animals.com/animals/hooded-seal/
630,Hoopoe,https://a-z-animals.com/animals/hoopoe/
631,Horgi,https://a-z-animals.com/animals/horgi/
632,Horn Shark,https://a-z-animals.com/animals/horn-shark/
633,Hornbill,https://a-z-animals.com/animals/hornbill/
634,Horned Frog,https://a-z-animals.com/animals/horned-frog/
635,Horned Lizard,https://a-z-animals.com/animals/horned-lizard/
636,Horned Viper,https://a-z-animals.com/animals/horned-viper/
637,Horse,https://a-z-animals.com/animals/horse/
638,Horsefly,https://a-z-animals.com/animals/horsefly/
639,Horseshoe Crab,https://a-z-animals.com/animals/horseshoe-crab/
640,House Finch,https://a-z-animals.com/animals/house-finch/
641,House wren,https://a-z-animals.com/animals/house-wren/
642,Housefly,https://a-z-animals.com/animals/housefly/
643,Howler Monkey,https://a-z-animals.com/animals/howler-monkey/
644,Human,https://a-z-animals.com/animals/human/
645,Humboldt Penguin,https://a-z-animals.com/animals/humboldt-penguin/
646,Humboldt Squid,https://a-z-animals.com/animals/humboldt-squid/
647,Hummingbird,https://a-z-animals.com/animals/hummingbird/
648,Humpback Whale,https://a-z-animals.com/animals/humpback-whale/
649,Huntaway,https://a-z-animals.com/animals/huntaway/
650,Huntsman Spider,https://a-z-animals.com/animals/huntsman-spider/
651,Huskador,https://a-z-animals.com/animals/huskador/
652,Huskita,https://a-z-animals.com/animals/huskita/
653,Husky,https://a-z-animals.com/animals/husky/
654,Husky Jack,https://a-z-animals.com/animals/husky-jack/
655,Huskydoodle,https://a-z-animals.com/animals/huskydoodle/
656,Hyena,https://a-z-animals.com/animals/hyena/
657,Ibex,https://a-z-animals.com/animals/ibex/
658,Ibis,https://a-z-animals.com/animals/ibis/
659,Ibizan Hound,https://a-z-animals.com/animals/ibizan-hound/
660,Icelandic Sheepdog,https://a-z-animals.com/animals/icelandic-sheepdog/
661,Iguana,https://a-z-animals.com/animals/iguana/
662,Immortal Jellyfish,https://a-z-animals.com/animals/immortal-jellyfish/
663,Impala,https://a-z-animals.com/animals/impala/
664,Imperial Moth,https://a-z-animals.com/animals/imperial-moth/
665,Indian Cobra,https://a-z-animals.com/animals/indian-cobra/
666,Indian Elephant,https://a-z-animals.com/animals/indian-elephant/
667,Indian Giant Squirrel,https://a-z-animals.com/animals/indian-giant-squirrel/
668,Indian Palm Squirrel,https://a-z-animals.com/animals/indian-palm-squirrel/
669,Indian Rhinoceros,https://a-z-animals.com/animals/indian-rhinoceros/
670,Indian Star Tortoise,https://a-z-animals.com/animals/indian-star-tortoise/
671,Indochinese Tiger,https://a-z-animals.com/animals/indochinese-tiger/
672,Indri,https://a-z-animals.com/animals/indri/
673,Insects,https://a-z-animals.com/animals/insects/
674,Irish Doodle,https://a-z-animals.com/animals/irish-doodle/
675,Irish Setter,https://a-z-animals.com/animals/irish-setter/
676,Irish Terrier,https://a-z-animals.com/animals/irish-terrier/
677,Irish Water Spaniel,https://a-z-animals.com/animals/irish-water-spaniel/
678,Irish WolfHound,https://a-z-animals.com/animals/irish-wolfhound/
679,Italian Greyhound,https://a-z-animals.com/animals/italian-greyhound/
680,Ivory-billed woodpecker,https://a-z-animals.com/animals/ivory-billed-woodpecker/
681,Jacana,https://a-z-animals.com/animals/jacana/
682,Jack Russell,https://a-z-animals.com/animals/jack-russell/
683,Jackabee,https://a-z-animals.com/animals/jackabee/
684,Jackal,https://a-z-animals.com/animals/jackal/
685,Jackdaw,https://a-z-animals.com/animals/jackdaw/
686,Jackrabbit,https://a-z-animals.com/animals/jackrabbit/
687,Jackson’s Chameleon,https://a-z-animals.com/animals/jacksons-chameleon/
688,Jaguar,https://a-z-animals.com/animals/jaguar/
689,Jaguarundi Cat,https://a-z-animals.com/animals/jaguarundi-cat/
690,Japanese Beetle,https://a-z-animals.com/animals/japanese-beetle/
691,Japanese Chin,https://a-z-animals.com/animals/japanese-chin/
692,Japanese Macaque,https://a-z-animals.com/animals/japanese-macaque/
693,Japanese Spitz,https://a-z-animals.com/animals/japanese-spitz/
694,Japanese Squirrel,https://a-z-animals.com/animals/japanese-squirrel/
695,Japanese Terrier,https://a-z-animals.com/animals/japanese-terrier/
696,Javan Rhinoceros,https://a-z-animals.com/animals/javan-rhinoceros/
697,Javanese,https://a-z-animals.com/animals/javanese/
698,Jellyfish,https://a-z-animals.com/animals/jellyfish/
699,Jerboa,https://a-z-animals.com/animals/jerboa/
700,Joro Spider,https://a-z-animals.com/animals/joro-spider/
701,Jumping Spider,https://a-z-animals.com/animals/jumping-spider/
702,Kai Ken,https://a-z-animals.com/animals/kai-ken/
703,Kakapo,https://a-z-animals.com/animals/kakapo/
704,Kangal,https://a-z-animals.com/animals/kangal/
705,Kangaroo,https://a-z-animals.com/animals/kangaroo/
706,Kangaroo Rat,https://a-z-animals.com/animals/kangaroo-rat/
707,Keel-Billed Toucan,https://a-z-animals.com/animals/keel-billed-toucan/
708,Keeshond,https://a-z-animals.com/animals/keeshond/
709,Kerry Blue Terrier,https://a-z-animals.com/animals/kerry-blue-terrier/
710,Key Deer,https://a-z-animals.com/animals/key-deer/
711,Kiko Goat,https://a-z-animals.com/animals/kiko-goat/
712,Killer Whale,https://a-z-animals.com/animals/killer-whale/
713,Kinder Goat,https://a-z-animals.com/animals/kinder-goat/
714,King Cobra,https://a-z-animals.com/animals/king-cobra/
715,King Crab,https://a-z-animals.com/animals/king-crab/
716,King Penguin,https://a-z-animals.com/animals/king-penguin/
717,King Shepherd,https://a-z-animals.com/animals/king-shepherd/
718,Kingfisher,https://a-z-animals.com/animals/kingfisher/
719,Kinkajou,https://a-z-animals.com/animals/kinkajou/
720,Kishu,https://a-z-animals.com/animals/kishu/
721,Kit Fox,https://a-z-animals.com/animals/kit-fox/
722,Kiwi,https://a-z-animals.com/animals/kiwi/
723,Koala,https://a-z-animals.com/animals/koala/
724,Kodkod,https://a-z-animals.com/animals/kodkod/
725,Koi Fish,https://a-z-animals.com/animals/koi-fish/
726,Komodo Dragon,https://a-z-animals.com/animals/komodo-dragon/
727,Kooikerhondje,https://a-z-animals.com/animals/kooikerhondje/
728,Kookaburra,https://a-z-animals.com/animals/kookaburra/
729,Koolie,https://a-z-animals.com/animals/koolie/
730,Krill,https://a-z-animals.com/animals/krill/
731,Kudu,https://a-z-animals.com/animals/kudu/
732,Kuvasz,https://a-z-animals.com/animals/kuvasz/
733,Labahoula,https://a-z-animals.com/animals/labahoula/
734,Labmaraner,https://a-z-animals.com/animals/labmaraner/
735,Labradane,https://a-z-animals.com/animals/labradane/
736,Labradoodle,https://a-z-animals.com/animals/labradoodle/
737,Labrador Retriever,https://a-z-animals.com/animals/labrador-retriever/
738,Labraheeler,https://a-z-animals.com/animals/labraheeler/
739,Ladybug,https://a-z-animals.com/animals/ladybug/
740,Lakeland Terrier,https://a-z-animals.com/animals/lakeland-terrier/
741,LaMancha Goat,https://a-z-animals.com/animals/lamancha-goat/
742,Lamprey,https://a-z-animals.com/animals/lamprey/
743,Lancashire Heeler,https://a-z-animals.com/animals/lancashire-heeler/
744,Lapponian Herder,https://a-z-animals.com/animals/lapponian-herder/
745,Leaf-Tailed Gecko,https://a-z-animals.com/animals/leaf-tailed-gecko/
746,Leech,https://a-z-animals.com/animals/leech/
747,Lemming,https://a-z-animals.com/animals/lemming/
748,Lemur,https://a-z-animals.com/animals/lemur/
749,Leonberger,https://a-z-animals.com/animals/leonberger/
750,Leopard,https://a-z-animals.com/animals/leopard/
751,Leopard Cat,https://a-z-animals.com/animals/leopard-cat/
752,Leopard Frog,https://a-z-animals.com/animals/leopard-frog/
753,Leopard Gecko,https://a-z-animals.com/animals/leopard-gecko/
754,Leopard Lizard,https://a-z-animals.com/animals/leopard-lizard/
755,Leopard Seal,https://a-z-animals.com/animals/leopard-seal/
756,Leopard Tortoise,https://a-z-animals.com/animals/leopard-tortoise/
757,Lhasa Apso,https://a-z-animals.com/animals/lhasa-apso/
758,Lhasapoo,https://a-z-animals.com/animals/lhasapoo/
759,Liger,https://a-z-animals.com/animals/liger/
760,Lion,https://a-z-animals.com/animals/lion/
761,Lion’s Mane Jellyfish,https://a-z-animals.com/animals/lions-mane-jellyfish/
762,Lionfish,https://a-z-animals.com/animals/lionfish/
763,Little Brown Bat,https://a-z-animals.com/animals/little-brown-bat/
764,Little Penguin,https://a-z-animals.com/animals/little-penguin/
765,Lizard,https://a-z-animals.com/animals/lizard/
766,Llama,https://a-z-animals.com/animals/llama/
767,Loach,https://a-z-animals.com/animals/loach/
768,Lobster,https://a-z-animals.com/animals/lobster/
769,Locust,https://a-z-animals.com/animals/locust/
770,Long-Eared Owl,https://a-z-animals.com/animals/long-eared-owl/
771,Long-Haired Rottweiler,https://a-z-animals.com/animals/long-haired-rottweiler/
772,Long-Tailed Tit,https://a-z-animals.com/animals/long-tailed-tit/
773,Longnose Gar,https://a-z-animals.com/animals/longnose-gar/
774,Lorikeet,https://a-z-animals.com/animals/lorikeet/
775,Lowchen,https://a-z-animals.com/animals/lowchen/
776,Lungfish,https://a-z-animals.com/animals/lungfish/
777,Lynx,https://a-z-animals.com/animals/lynx/
778,Lyrebird,https://a-z-animals.com/animals/lyrebird/
779,Macaroni Penguin,https://a-z-animals.com/animals/macaroni-penguin/
780,Macaw,https://a-z-animals.com/animals/macaw/
781,Mackenzie Wolf,https://a-z-animals.com/animals/mackenzie-wolf/
782,Magellanic Penguin,https://a-z-animals.com/animals/magellanic-penguin/
783,Maggot,https://a-z-animals.com/animals/maggot/
784,Magpie,https://a-z-animals.com/animals/magpie/
785,Maine Coon,https://a-z-animals.com/animals/maine-coon/
786,Malayan Civet,https://a-z-animals.com/animals/malayan-civet/
787,Malayan Tiger,https://a-z-animals.com/animals/malayan-tiger/
788,Mallard,https://a-z-animals.com/animals/mallard/
789,Malteagle,https://a-z-animals.com/animals/malteagle/
790,Maltese,https://a-z-animals.com/animals/maltese/
791,Maltese Shih Tzu,https://a-z-animals.com/animals/maltese-shih-tzu/
792,Maltipoo,https://a-z-animals.com/animals/maltipoo/
793,Man of War Jellyfish,https://a-z-animals.com/animals/man-of-war-jellyfish/
794,Manatee,https://a-z-animals.com/animals/manatee/
795,Manchester Terrier,https://a-z-animals.com/animals/manchester-terrier/
796,Mandrill,https://a-z-animals.com/animals/mandrill/
797,Maned Wolf,https://a-z-animals.com/animals/maned-wolf/
798,Manta Ray,https://a-z-animals.com/animals/manta-ray/
799,Mantella Frog,https://a-z-animals.com/animals/mantella-frog/
800,Marabou Stork,https://a-z-animals.com/animals/marabou-stork/
801,Marble Fox,https://a-z-animals.com/animals/marble-fox/
802,Marine Iguana,https://a-z-animals.com/animals/marine-iguana/
803,Marine Toad,https://a-z-animals.com/animals/marine-toad/
804,Markhor,https://a-z-animals.com/animals/markhor/
805,Marmoset,https://a-z-animals.com/animals/marmoset/
806,Marmot,https://a-z-animals.com/animals/marmot/
807,Marsh Frog,https://a-z-animals.com/animals/marsh-frog/
808,Masked Palm Civet,https://a-z-animals.com/animals/masked-palm-civet/
809,Massasauga,https://a-z-animals.com/animals/massasauga/
810,Mastador,https://a-z-animals.com/animals/mastador/
811,Mastiff,https://a-z-animals.com/animals/mastiff/
812,Mayfly,https://a-z-animals.com/animals/mayfly/
813,Meagle,https://a-z-animals.com/animals/meagle/
814,Mealybug,https://a-z-animals.com/animals/mealybug/
815,Meerkat,https://a-z-animals.com/animals/meerkat/
816,Megalodon,https://a-z-animals.com/animals/megalodon-shark/
817,Megamouth Shark,https://a-z-animals.com/animals/megamouth-shark/
818,Mekong Giant Catfish,https://a-z-animals.com/animals/mekong-giant-catfish/
819,Mexican Alligator Lizard,https://a-z-animals.com/animals/mexican-alligator-lizard/
820,Mexican Free-Tailed Bat,https://a-z-animals.com/animals/mexican-free-tailed-bat/
821,Mexican Mole Lizard,https://a-z-animals.com/animals/mexican-mole-lizard/
822,Miki,https://a-z-animals.com/animals/miki/
823,Milk Snake,https://a-z-animals.com/animals/milk-snake/
824,Milkfish,https://a-z-animals.com/animals/milkfish/
825,Millipede,https://a-z-animals.com/animals/millipede/
826,Mini Labradoodle,https://a-z-animals.com/animals/mini-labradoodle/
827,Miniature Bull Terrier,https://a-z-animals.com/animals/miniature-bull-terrier/
828,Miniature Husky,https://a-z-animals.com/animals/miniature-husky/
829,Miniature Pinscher,https://a-z-animals.com/animals/miniature-pinscher/
830,Mink,https://a-z-animals.com/animals/mink/
831,Minke Whale,https://a-z-animals.com/animals/minke-whale/
832,Mississippi Kite,https://a-z-animals.com/animals/mississippi-kite/
833,Mole,https://a-z-animals.com/animals/mole/
834,Mole Cricket,https://a-z-animals.com/animals/mole-cricket/
835,Molly,https://a-z-animals.com/animals/molly/
836,Monarch Butterfly,https://a-z-animals.com/animals/monarch-butterfly/
837,Mongoose,https://a-z-animals.com/animals/mongoose/
838,Mongrel,https://a-z-animals.com/animals/mongrel/
839,Monitor Lizard,https://a-z-animals.com/animals/monitor-lizard/
840,Monkey,https://a-z-animals.com/animals/monkey/
841,Monkfish,https://a-z-animals.com/animals/monkfish/
842,Monte Iberia Eleuth,https://a-z-animals.com/animals/monte-iberia-eleuth/
843,Moorhen,https://a-z-animals.com/animals/moorhen/
844,Moose,https://a-z-animals.com/animals/moose/
845,Moray Eel,https://a-z-animals.com/animals/moray-eel/
846,Morkie,https://a-z-animals.com/animals/morkie/
847,Moscow Watchdog,https://a-z-animals.com/animals/moscow-watchdog/
848,Mosquito,https://a-z-animals.com/animals/mosquito/
849,Moth,https://a-z-animals.com/animals/moth/
850,Mountain Bluebird,https://a-z-animals.com/animals/mountain-bluebird/
851,Mountain Cur,https://a-z-animals.com/animals/mountain-cur/
852,Mountain Feist,https://a-z-animals.com/animals/mountain-feist/
853,Mountain Gorilla,https://a-z-animals.com/animals/mountain-gorilla/
854,Mountain Lion,https://a-z-animals.com/animals/mountain-lion/
855,Mourning Dove,https://a-z-animals.com/animals/mourning-dove/
856,Mouse,https://a-z-animals.com/animals/mouse/
857,Mudi,https://a-z-animals.com/animals/mudi/
858,Mudpuppy,https://a-z-animals.com/animals/mudpuppy/
859,Mule,https://a-z-animals.com/animals/mule/
860,Muntjac,https://a-z-animals.com/animals/muntjac/
861,Muskox,https://a-z-animals.com/animals/muskox/
862,Muskrat,https://a-z-animals.com/animals/muskrat/
863,Myna Bird,https://a-z-animals.com/animals/myna-bird/
864,Naked Mole Rat,https://a-z-animals.com/animals/naked-mole-rat/
865,Narwhal,https://a-z-animals.com/animals/narwhal/
866,Neanderthal,https://a-z-animals.com/animals/neanderthal/
867,Neapolitan Mastiff,https://a-z-animals.com/animals/neapolitan-mastiff/
868,Nebelung,https://a-z-animals.com/animals/nebelung/
869,Newfoundland,https://a-z-animals.com/animals/newfoundland/
870,Newfypoo,https://a-z-animals.com/animals/newfypoo/
871,Newt,https://a-z-animals.com/animals/newt/
872,Nicobar pigeon,https://a-z-animals.com/animals/nicobar-pigeon/
873,Nigerian Goat,https://a-z-animals.com/animals/nigerian-goat/
874,Nightingale,https://a-z-animals.com/animals/nightingale/
875,Nile Crocodile,https://a-z-animals.com/animals/nile-crocodile/
876,No See Ums,https://a-z-animals.com/animals/no-see-ums/
877,Norfolk Terrier,https://a-z-animals.com/animals/norfolk-terrier/
878,North American Black Bear,https://a-z-animals.com/animals/north-american-black-bear/
879,Northern Alligator Lizard,https://a-z-animals.com/animals/northern-alligator-lizard/
880,Northern Cardinal,https://a-z-animals.com/animals/northern-cardinal/
881,Northern Fur Seal,https://a-z-animals.com/animals/northern-fur-seal/
882,Northern Inuit Dog,https://a-z-animals.com/animals/northern-inuit-dog/
883,Northern Water Snake,https://a-z-animals.com/animals/northern-water-snake/
884,Norwegian Buhund,https://a-z-animals.com/animals/norwegian-buhund/
885,Norwegian Elkhound,https://a-z-animals.com/animals/norwegian-elkhound/
886,Norwegian Forest,https://a-z-animals.com/animals/norwegian-forest/
887,Norwegian Lundehund,https://a-z-animals.com/animals/norwegian-lundehund/
888,Norwich Terrier,https://a-z-animals.com/animals/norwichterrier/
889,Nova Scotia Duck Tolling Retriever,https://a-z-animals.com/animals/nova-scotia-duck-tolling-retriever/
890,Nubian Goat,https://a-z-animals.com/animals/nubian-goat/
891,Numbat,https://a-z-animals.com/animals/numbat/
892,Nurse Shark,https://a-z-animals.com/animals/nurse-shark/
893,Nyala,https://a-z-animals.com/animals/nyala/
894,Ocelot,https://a-z-animals.com/animals/ocelot/
895,Octopus,https://a-z-animals.com/animals/octopus/
896,Okapi,https://a-z-animals.com/animals/okapi/
897,Old English Sheepdog,https://a-z-animals.com/animals/old-english-sheepdog/
898,Olive Baboon,https://a-z-animals.com/animals/olive-baboon/
899,Olm,https://a-z-animals.com/animals/olm/
900,Opossum,https://a-z-animals.com/animals/opossum/
901,Orang-utan,https://a-z-animals.com/animals/orang-utan/
902,Orb Weaver,https://a-z-animals.com/animals/orb-weaver/
903,Oscar Fish,https://a-z-animals.com/animals/oscar-fish/
904,Ostrich,https://a-z-animals.com/animals/ostrich/
905,Otter,https://a-z-animals.com/animals/otter/
906,Otterhound,https://a-z-animals.com/animals/otterhound/
907,Ox,https://a-z-animals.com/animals/ox/
908,Oyster,https://a-z-animals.com/animals/oyster/
909,Oyster Toadfish,https://a-z-animals.com/animals/oyster-toadfish/
910,Paddlefish,https://a-z-animals.com/animals/paddlefish/
911,Pademelon,https://a-z-animals.com/animals/pademelon/
912,Painted Turtle,https://a-z-animals.com/animals/painted-turtle/
913,Pangolin,https://a-z-animals.com/animals/pangolin/
914,Panther,https://a-z-animals.com/animals/panther/
915,Papillon,https://a-z-animals.com/animals/papillon/
916,Parakeet,https://a-z-animals.com/animals/parakeet/
917,Parrot,https://a-z-animals.com/animals/parrot/
918,Parrotlet,https://a-z-animals.com/animals/parrotlet/
919,Parson Russell Terrier,https://a-z-animals.com/animals/parson-russell-terrier/
920,Patas Monkey,https://a-z-animals.com/animals/patas-monkey/
921,Patterdale Terrier,https://a-z-animals.com/animals/patterdale-terrier/
922,Peacock,https://a-z-animals.com/animals/peacock/
923,Peacock Butterfly,https://a-z-animals.com/animals/peacock-butterfly/
924,Peacock Spider,https://a-z-animals.com/animals/peacock-spider/
925,Peagle,https://a-z-animals.com/animals/peagle/
926,Peekapoo,https://a-z-animals.com/animals/peekapoo/
927,Pekingese,https://a-z-animals.com/animals/pekingese/
928,Pelican,https://a-z-animals.com/animals/pelican/
929,Pembroke Welsh Corgi,https://a-z-animals.com/animals/pembroke-welsh-corgi/
930,Penguin,https://a-z-animals.com/animals/penguin/
931,Pere Davids Deer,https://a-z-animals.com/animals/pere-davids-deer/
932,Peregrine Falcon,https://a-z-animals.com/animals/peregrine-falcon/
933,Perro De Presa Canario,https://a-z-animals.com/animals/perro-de-presa-canario/
934,Persian,https://a-z-animals.com/animals/persian/
935,Peruvian Inca Orchid,https://a-z-animals.com/animals/peruvian-inca-orchid/
936,Petit Basset Griffon Vendéen,https://a-z-animals.com/animals/petit-basset-griffon-vendeen/
937,Petite Goldendoodle,https://a-z-animals.com/animals/petite-goldendoodle/
938,Pheasant,https://a-z-animals.com/animals/pheasant/
939,Pied Tamarin,https://a-z-animals.com/animals/pied-tamarin/
940,Pig,https://a-z-animals.com/animals/pig/
941,Pigeon,https://a-z-animals.com/animals/pigeon/
942,Pika,https://a-z-animals.com/animals/pika/
943,Pike Fish,https://a-z-animals.com/animals/pike-fish/
944,Pileated Woodpecker,https://a-z-animals.com/animals/pileated-woodpecker/
945,Pine Marten,https://a-z-animals.com/animals/pine-marten/
946,Pine Snake,https://a-z-animals.com/animals/pine-snake/
947,Pink Fairy Armadillo,https://a-z-animals.com/animals/pink-fairy-armadillo/
948,Piranha,https://a-z-animals.com/animals/piranha/
949,Pit Bull,https://a-z-animals.com/animals/pit-bull/
950,Pitador,https://a-z-animals.com/animals/pitador/
951,Pitsky,https://a-z-animals.com/animals/pitsky/
952,Platypus,https://a-z-animals.com/animals/platypus/
953,Pocket Beagle,https://a-z-animals.com/animals/pocket-beagle/
954,Pocket Pitbull,https://a-z-animals.com/animals/pocket-pitbull/
955,Pointer,https://a-z-animals.com/animals/pointer/
956,Poison Dart Frog,https://a-z-animals.com/animals/poison-dart-frog/
957,Polar Bear,https://a-z-animals.com/animals/polar-bear/
958,Polish Lowland Sheepdog,https://a-z-animals.com/animals/polish-lowland-sheepdog/
959,Polyphemus moth,https://a-z-animals.com/animals/polyphemus-moth/
960,Pomapoo,https://a-z-animals.com/animals/pomapoo/
961,Pomchi,https://a-z-animals.com/animals/pomchi/
962,Pomeagle,https://a-z-animals.com/animals/pomeagle/
963,Pomeranian,https://a-z-animals.com/animals/pomeranian/
964,Pomsky,https://a-z-animals.com/animals/pomsky/
965,Pond Skater,https://a-z-animals.com/animals/pond-skater/
966,Poochon,https://a-z-animals.com/animals/poochon/
967,Poodle,https://a-z-animals.com/animals/poodle/
968,Poogle,https://a-z-animals.com/animals/poogle/
969,Pool Frog,https://a-z-animals.com/animals/pool-frog/
970,Porbeagle Shark,https://a-z-animals.com/animals/porbeagle-shark/
971,Porcupine,https://a-z-animals.com/animals/porcupine/
972,Porpoise,https://a-z-animals.com/animals/porpoise/
973,Possum,https://a-z-animals.com/animals/possum/
974,Potoroo,https://a-z-animals.com/animals/potoroo/
975,Prairie Dog,https://a-z-animals.com/animals/prairie-dog/
976,Prairie Rattlesnake,https://a-z-animals.com/animals/prairie-rattlesnake/
977,Prawn,https://a-z-animals.com/animals/prawn/
978,Praying Mantis,https://a-z-animals.com/animals/praying-mantis/
979,Proboscis Monkey,https://a-z-animals.com/animals/proboscis-monkey/
980,Pronghorn,https://a-z-animals.com/animals/pronghorn/
981,Pudelpointer,https://a-z-animals.com/animals/pudelpointer/
982,Puff Adder,https://a-z-animals.com/animals/puff-adder/
983,Pufferfish,https://a-z-animals.com/animals/pufferfish/
984,Puffin,https://a-z-animals.com/animals/puffin/
985,Pug,https://a-z-animals.com/animals/pug/
986,Pugapoo,https://a-z-animals.com/animals/pugapoo/
987,Puggle,https://a-z-animals.com/animals/puggle/
988,Pugshire,https://a-z-animals.com/animals/pugshire/
989,Puma,https://a-z-animals.com/animals/puma/
990,Pumi,https://a-z-animals.com/animals/pumi/
991,Purple Emperor Butterfly,https://a-z-animals.com/animals/purple-emperor/
992,Purple Finch,https://a-z-animals.com/animals/purple-finch/
993,Puss Moth,https://a-z-animals.com/animals/puss-moth/
994,Pygmy Hippopotamus,https://a-z-animals.com/animals/pygmy-hippopotamus/
995,Pygmy Marmoset (Finger Monkey),https://a-z-animals.com/animals/pygmy-marmoset/
996,Pygora Goat,https://a-z-animals.com/animals/pygora-goat/
997,Pyrador,https://a-z-animals.com/animals/pyrador/
998,Pyredoodle,https://a-z-animals.com/animals/pyredoodle/
999,Quagga,https://a-z-animals.com/animals/quagga/
1000,Quail,https://a-z-animals.com/animals/quail/
1001,Quetzal,https://a-z-animals.com/animals/quetzal/
1002,Quokka,https://a-z-animals.com/animals/quokka/
1003,Quoll,https://a-z-animals.com/animals/quoll/
1004,Rabbit,https://a-z-animals.com/animals/rabbit/
1005,Raccoon,https://a-z-animals.com/animals/raccoon/
1006,Raccoon Dog,https://a-z-animals.com/animals/raccoon-dog/
1007,Radiated Tortoise,https://a-z-animals.com/animals/radiated-tortoise/
1008,Ragamuffin,https://a-z-animals.com/animals/ragamuffin/
1009,Ragdoll,https://a-z-animals.com/animals/ragdoll/
1010,Raggle,https://a-z-animals.com/animals/raggle/
1011,Rainbow Boa,https://a-z-animals.com/animals/rainbow-boa/
1012,Rat,https://a-z-animals.com/animals/rat/
1013,Rat Terrier,https://a-z-animals.com/animals/rat-terrier/
1014,Rattlesnake,https://a-z-animals.com/animals/rattlesnake/
1015,Red Finch,https://a-z-animals.com/animals/red-finch/
1016,Red Fox,https://a-z-animals.com/animals/red-fox/
1017,Red Knee Tarantula,https://a-z-animals.com/animals/red-knee-tarantula/
1018,Red Panda,https://a-z-animals.com/animals/red-panda/
1019,Red Squirrel,https://a-z-animals.com/animals/red-squirrel/
1020,Red Wolf,https://a-z-animals.com/animals/red-wolf/
1021,Red-Eared Slider,https://a-z-animals.com/animals/red-eared-slider/
1022,Red-handed Tamarin,https://a-z-animals.com/animals/red-handed-tamarin/
1023,Red-winged blackbird,https://a-z-animals.com/animals/red-winged-blackbird/
1024,Redback Spider,https://a-z-animals.com/animals/redback-spider/
1025,Redbone Coonhound,https://a-z-animals.com/animals/redbone-coonhound/
1026,Reef Shark,https://a-z-animals.com/animals/reef-shark/
1027,Reindeer,https://a-z-animals.com/animals/reindeer/
1028,Rhinoceros,https://a-z-animals.com/animals/rhinoceros/
1029,Ringed Kingfisher,https://a-z-animals.com/animals/ringed-kingfisher/
1030,River Otter,https://a-z-animals.com/animals/river-otter/
1031,River Turtle,https://a-z-animals.com/animals/river-turtle/
1032,Robin,https://a-z-animals.com/animals/robin/
1033,Rock Crab,https://a-z-animals.com/animals/rock-crab/
1034,Rock Hyrax,https://a-z-animals.com/animals/rock-hyrax/
1035,Rock Python,https://a-z-animals.com/animals/rock-python/
1036,Rockfish,https://a-z-animals.com/animals/rockfish/
1037,Rockhopper Penguin,https://a-z-animals.com/animals/rockhopper-penguin/
1038,Rodents,https://a-z-animals.com/animals/rodents/
1039,Roe Deer,https://a-z-animals.com/animals/roe-deer/
1040,Rooster,https://a-z-animals.com/animals/rooster/
1041,Rose-breasted Grosbeak,https://a-z-animals.com/animals/rose-breasted-grosbeak/
1042,Roseate Spoonbill,https://a-z-animals.com/animals/roseate-spoonbill/
1043,Rottsky,https://a-z-animals.com/animals/rottsky/
1044,Rottweiler,https://a-z-animals.com/animals/rottweiler/
1045,Rough Green Snake,https://a-z-animals.com/animals/rough-green-snake/
1046,Royal Penguin,https://a-z-animals.com/animals/royal-penguin/
1047,Ruby-Throated Hummingbird,https://a-z-animals.com/animals/ruby-throated-hummingbird/
1048,Russell Terrier,https://a-z-animals.com/animals/russell-terrier/
1049,Russian Bear Dog,https://a-z-animals.com/animals/russian-bear-dog/
1050,Russian Blue,https://a-z-animals.com/animals/russian-blue/
1051,Russian Tortoise,https://a-z-animals.com/animals/russian-tortoise/
1052,Saanen Goat,https://a-z-animals.com/animals/saanen-goat/
1053,Saarloos Wolfdog,https://a-z-animals.com/animals/saarloos-wolfdog/
1054,Saber-Toothed Tiger,https://a-z-animals.com/animals/saber-toothed-tiger/
1055,Sable,https://a-z-animals.com/animals/sable/
1056,Sable Black German Shepherd,https://a-z-animals.com/animals/sable-black-german-shepherd/
1057,Sable Ferret,https://a-z-animals.com/animals/sable-ferret/
1058,Saiga,https://a-z-animals.com/animals/saiga/
1059,Saint Berdoodle,https://a-z-animals.com/animals/saint-berdoodle/
1060,Saint Bernard,https://a-z-animals.com/animals/saint-bernard/
1061,Saint Shepherd,https://a-z-animals.com/animals/saint-shepherd/
1062,Salamander,https://a-z-animals.com/animals/salamander/
1063,Salmon,https://a-z-animals.com/animals/salmon/
1064,Salmon Shark,https://a-z-animals.com/animals/salmon-shark/
1065,Saluki,https://a-z-animals.com/animals/saluki/
1066,Samoyed,https://a-z-animals.com/animals/samoyed/
1067,Sand Crab,https://a-z-animals.com/animals/sand-crab/
1068,Sand Lizard,https://a-z-animals.com/animals/sand-lizard/
1069,Sand Tiger Shark,https://a-z-animals.com/animals/sand-tiger-shark/
1070,Sand Viper,https://a-z-animals.com/animals/sand-viper/
1071,Saola,https://a-z-animals.com/animals/saola/
1072,Sardines,https://a-z-animals.com/animals/sardines/
1073,Satanic leaf-tailed gecko,https://a-z-animals.com/animals/satanic-leaf-tailed-gecko/
1074,Savanna Goat,https://a-z-animals.com/animals/savanna-goat/
1075,Sawfish,https://a-z-animals.com/animals/sawfish/
1076,Scarlet Kingsnake,https://a-z-animals.com/animals/scarlet-kingsnake/
1077,Scarlet Macaw,https://a-z-animals.com/animals/scarlet-macaw/
1078,Schipperke,https://a-z-animals.com/animals/schipperke/
1079,Schneagle,https://a-z-animals.com/animals/schneagle/
1080,Schnoodle,https://a-z-animals.com/animals/schnoodle/
1081,Scimitar-horned Oryx,https://a-z-animals.com/animals/scimitar-horned-oryx/
1082,Scorpion,https://a-z-animals.com/animals/scorpion/
1083,Scorpion Fish,https://a-z-animals.com/animals/scorpion-fish/
1084,Scottish Terrier,https://a-z-animals.com/animals/scottish-terrier/
1085,Scrotum Frog,https://a-z-animals.com/animals/scrotum-frog/
1086,Sea Anemone,https://a-z-animals.com/animals/sea-anemone/
1087,Sea Dragon,https://a-z-animals.com/animals/sea-dragon/
1088,Sea Eagle,https://a-z-animals.com/animals/sea-eagle/
1089,Sea Lion,https://a-z-animals.com/animals/sea-lion/
1090,Sea Otter,https://a-z-animals.com/animals/sea-otter/
1091,Sea Slug,https://a-z-animals.com/animals/sea-slug/
1092,Sea Squirt,https://a-z-animals.com/animals/sea-squirt/
1093,Sea Turtle,https://a-z-animals.com/animals/sea-turtle/
1094,Sea Urchin,https://a-z-animals.com/animals/sea-urchin/
1095,Seagull,https://a-z-animals.com/animals/seagull/
1096,Seahorse,https://a-z-animals.com/animals/seahorse/
1097,Seal,https://a-z-animals.com/animals/seal/
1098,Sealyham Terrier,https://a-z-animals.com/animals/sealyham-terrier/
1099,Sei Whale,https://a-z-animals.com/animals/sei-whale/
1100,Senegal Parrot,https://a-z-animals.com/animals/senegal-parrot/
1101,Serval,https://a-z-animals.com/animals/serval/
1102,Shark,https://a-z-animals.com/animals/shark/
1103,Sharp-Tailed Snake,https://a-z-animals.com/animals/sharp-tailed-snake/
1104,Sheep,https://a-z-animals.com/animals/sheep/
1105,Sheepadoodle,https://a-z-animals.com/animals/sheepadoodle/
1106,Shepadoodle,https://a-z-animals.com/animals/shepadoodle/
1107,Shepkita,https://a-z-animals.com/animals/shepkita/
1108,Shepweiler,https://a-z-animals.com/animals/shepweiler/
1109,Shiba Inu,https://a-z-animals.com/animals/shiba-inu/
1110,Shih Poo,https://a-z-animals.com/animals/shih-poo/
1111,Shih Tzu,https://a-z-animals.com/animals/shih-tzu/
1112,Shoebill Stork,https://a-z-animals.com/animals/shoebill-stork/
1113,Shollie,https://a-z-animals.com/animals/shollie/
1114,Shrew,https://a-z-animals.com/animals/shrew/
1115,Shrimp,https://a-z-animals.com/animals/shrimp/
1116,Siamese,https://a-z-animals.com/animals/siamese/
1117,Siamese Fighting Fish,https://a-z-animals.com/animals/siamese-fighting-fish/
1118,Siberian,https://a-z-animals.com/animals/siberian/
1119,Siberian Husky,https://a-z-animals.com/animals/siberian-husky/
1120,Siberian Ibex,https://a-z-animals.com/animals/siberian-ibex/
1121,Siberian Retriever,https://a-z-animals.com/animals/siberian-retriever/
1122,Siberian Tiger,https://a-z-animals.com/animals/siberian-tiger/
1123,Siberpoo,https://a-z-animals.com/animals/siberpoo/
1124,Silkie Chicken,https://a-z-animals.com/animals/silkie-chicken/
1125,Silky Terrier,https://a-z-animals.com/animals/silky-terrier/
1126,Silver Dollar,https://a-z-animals.com/animals/silver-dollar/
1127,Silver Labrador,https://a-z-animals.com/animals/silver-labrador/
1128,Sixgill shark,https://a-z-animals.com/animals/sixgill-shark/
1129,Skate Fish,https://a-z-animals.com/animals/skate-fish/
1130,Skink Lizard,https://a-z-animals.com/animals/skink-lizard/
1131,Skipjack Tuna,https://a-z-animals.com/animals/skipjack-tuna/
1132,Skunk,https://a-z-animals.com/animals/skunk/
1133,Skye Terrier,https://a-z-animals.com/animals/skye-terrier/
1134,Sleeper Shark,https://a-z-animals.com/animals/sleeper-shark/
1135,Sloth,https://a-z-animals.com/animals/sloth/
1136,Slow Worm,https://a-z-animals.com/animals/slow-worm/
1137,Slug,https://a-z-animals.com/animals/slug/
1138,Smooth Fox Terrier,https://a-z-animals.com/animals/smooth-fox-terrier/
1139,Snail,https://a-z-animals.com/animals/snail/
1140,Snake,https://a-z-animals.com/animals/snake/
1141,Snapping Turtle,https://a-z-animals.com/animals/snapping-turtle/
1142,Snorkie,https://a-z-animals.com/animals/snorkie/
1143,Snouted Cobra,https://a-z-animals.com/animals/snouted-cobra/
1144,Snow Leopard,https://a-z-animals.com/animals/snow-leopard/
1145,Snowshoe,https://a-z-animals.com/animals/snowshoe/
1146,Snowshoe Hare,https://a-z-animals.com/animals/snowshoe-hare/
1147,Snowy Owl,https://a-z-animals.com/animals/snowy-owl/
1148,Somali,https://a-z-animals.com/animals/somali/
1149,Song Sparrow,https://a-z-animals.com/animals/song-sparrow/
1150,Song Thrush,https://a-z-animals.com/animals/song-thrush-2/
1151,South China Tiger,https://a-z-animals.com/animals/south-china-tiger/
1152,Spadefoot Toad,https://a-z-animals.com/animals/spadefoot-toad/
1153,Spanador,https://a-z-animals.com/animals/spanador/
1154,Spanish Goat,https://a-z-animals.com/animals/spanish-goat/
1155,Spanish Mastiff,https://a-z-animals.com/animals/spanish-mastiff/
1156,Sparrow,https://a-z-animals.com/animals/sparrow/
1157,Spectacled Bear,https://a-z-animals.com/animals/spectacled-bear/
1158,Sperm Whale,https://a-z-animals.com/animals/sperm-whale/
1159,Spider Monkey,https://a-z-animals.com/animals/spider-monkey/
1160,Spider Wasp,https://a-z-animals.com/animals/spider-wasp/
1161,Spider-Tailed Horned Viper,https://a-z-animals.com/animals/spider-tailed-horned-viper/
1162,Spinner Shark,https://a-z-animals.com/animals/spinner-shark/
1163,Spinone Italiano,https://a-z-animals.com/animals/spinone-italiano/
1164,Spiny Dogfish,https://a-z-animals.com/animals/spiny-dogfish/
1165,Spiny Hill Turtle,https://a-z-animals.com/animals/spiny-hill-turtle/
1166,Spitting Cobra,https://a-z-animals.com/animals/spitting-cobra/
1167,Spixs Macaw,https://a-z-animals.com/animals/spixs-macaw/
1168,Sponge,https://a-z-animals.com/animals/sponge/
1169,Spotted Gar,https://a-z-animals.com/animals/spotted-gar/
1170,Spotted Lanternfly,https://a-z-animals.com/animals/spotted-lanternfly/
1171,Springador,https://a-z-animals.com/animals/springador/
1172,Springbok,https://a-z-animals.com/animals/springbok/
1173,Springerdoodle,https://a-z-animals.com/animals/springerdoodle/
1174,Squash Beetle,https://a-z-animals.com/animals/squash-beetle/
1175,Squid,https://a-z-animals.com/animals/squid/
1176,Squirrel,https://a-z-animals.com/animals/squirrel/
1177,Squirrel Monkey,https://a-z-animals.com/animals/squirrel-monkey/
1178,Squirrelfish,https://a-z-animals.com/animals/squirrelfish/
1179,Sri Lankan Elephant,https://a-z-animals.com/animals/sri-lankan-elephant/
1180,Stabyhoun,https://a-z-animals.com/animals/stabyhoun/
1181,Staffordshire Bull Terrier,https://a-z-animals.com/animals/staffordshire-bull-terrier/
1182,Stag Beetle,https://a-z-animals.com/animals/stag-beetle/
1183,Standard Schnauzer,https://a-z-animals.com/animals/standard-schnauzer/
1184,Star-nosed mole,https://a-z-animals.com/animals/star-nosed-mole/
1185,Starfish,https://a-z-animals.com/animals/starfish/
1186,Steller’s Sea Cow,https://a-z-animals.com/animals/stellers-sea-cow/
1187,Stick Insect,https://a-z-animals.com/animals/stick-insect/
1188,Stiletto Snake,https://a-z-animals.com/animals/stiletto-snake/
1189,Stingray,https://a-z-animals.com/animals/stingray/
1190,Stoat,https://a-z-animals.com/animals/stoat/
1191,Stone Crab,https://a-z-animals.com/animals/stone-crab/
1192,Stork,https://a-z-animals.com/animals/stork/
1193,Striped Hyena,https://a-z-animals.com/animals/striped-hyena/
1194,Striped Rocket Frog,https://a-z-animals.com/animals/striped-rocket-frog/
1195,Sturgeon,https://a-z-animals.com/animals/sturgeon/
1196,Sucker Fish,https://a-z-animals.com/animals/sucker-fish/
1197,Sugar Glider,https://a-z-animals.com/animals/sugar-glider/
1198,Sulcata Tortoise,https://a-z-animals.com/animals/sulcata-tortoise/
1199,Sumatran Elephant,https://a-z-animals.com/animals/sumatran-elephant/
1200,Sumatran Orang-utan,https://a-z-animals.com/animals/sumatran-orang-utan/
1201,Sumatran Rhinoceros,https://a-z-animals.com/animals/sumatran-rhinoceros/
1202,Sumatran Tiger,https://a-z-animals.com/animals/sumatran-tiger/
1203,Sun Bear,https://a-z-animals.com/animals/sun-bear/
1204,Swai Fish,https://a-z-animals.com/animals/swai-fish/
1205,Swan,https://a-z-animals.com/animals/swan/
1206,Swedish Vallhund,https://a-z-animals.com/animals/swedish-vallhund/
1207,Syrian Hamster,https://a-z-animals.com/animals/syrian-hamster/
1208,Taco Terrier,https://a-z-animals.com/animals/taco-terrier/
1209,Takin,https://a-z-animals.com/animals/takin/
1210,Tamaskan,https://a-z-animals.com/animals/tamaskan/
1211,Tang,https://a-z-animals.com/animals/tang/
1212,Tapanuli Orang-utan,https://a-z-animals.com/animals/tapanuli-orang-utan/
1213,Tapir,https://a-z-animals.com/animals/tapir/
1214,Tarantula Hawk,https://a-z-animals.com/animals/tarantula-hawk/
1215,Tarpon,https://a-z-animals.com/animals/tarpon/
1216,Tarsier,https://a-z-animals.com/animals/tarsier/
1217,Tasmanian Devil,https://a-z-animals.com/animals/tasmanian-devil/
1218,Tasmanian Tiger,https://a-z-animals.com/animals/tasmanian-tiger/
1219,Tawny Owl,https://a-z-animals.com/animals/tawny-owl/
1220,Teddy Bear Hamster,https://a-z-animals.com/animals/teddy-bear-hamster/
1221,Teddy Roosevelt Terrier,https://a-z-animals.com/animals/teddy-roosevelt-terrier/
1222,Telescope Fish,https://a-z-animals.com/animals/telescope-fish/
1223,Tenterfield Terrier,https://a-z-animals.com/animals/tenterfield-terrier/
1224,Termite,https://a-z-animals.com/animals/termite/
1225,Terrier,https://a-z-animals.com/animals/terrier/
1226,Tetra,https://a-z-animals.com/animals/tetra/
1227,Texas Heeler,https://a-z-animals.com/animals/texas-heeler/
1228,Texas Rat Snake,https://a-z-animals.com/animals/texas-rat-snake/
1229,Texas Spiny Lizard,https://a-z-animals.com/animals/texas-spiny-lizard/
1230,Thai Ridgeback,https://a-z-animals.com/animals/thai-ridgeback/
1231,Thorny Devil,https://a-z-animals.com/animals/thorny-devil/
1232,Thrush,https://a-z-animals.com/animals/thrush/
1233,Tibetan Fox,https://a-z-animals.com/animals/tibetan-fox/
1234,Tibetan Mastiff,https://a-z-animals.com/animals/tibetan-mastiff/
1235,Tibetan Spaniel,https://a-z-animals.com/animals/tibetan-spaniel/
1236,Tibetan Terrier,https://a-z-animals.com/animals/tibetan-terrier/
1237,Tick,https://a-z-animals.com/animals/tick/
1238,Tiffany,https://a-z-animals.com/animals/tiffany/
1239,Tiger,https://a-z-animals.com/animals/tiger/
1240,Tiger Beetle,https://a-z-animals.com/animals/tiger-beetle/
1241,Tiger Moth,https://a-z-animals.com/animals/tiger-moth/
1242,Tiger Salamander,https://a-z-animals.com/animals/tiger-salamander/
1243,Tiger Shark,https://a-z-animals.com/animals/tiger-shark/
1244,Toadfish,https://a-z-animals.com/animals/toadfish/
1245,Torkie,https://a-z-animals.com/animals/torkie/
1246,Tortoise,https://a-z-animals.com/animals/tortoise/
1247,Toucan,https://a-z-animals.com/animals/toucan/
1248,Toy Fox Terrier,https://a-z-animals.com/animals/toy-fox-terrier/
1249,Toy Poodle,https://a-z-animals.com/animals/toy-poodle/
1250,Transylvanian Hound,https://a-z-animals.com/animals/transylvanian-hound/
1251,Tree Frog,https://a-z-animals.com/animals/tree-frog/
1252,Tree Kangaroo,https://a-z-animals.com/animals/tree-kangaroo/
1253,Tree swallow,https://a-z-animals.com/animals/tree-swallow/
1254,Treeing Tennessee Brindle,https://a-z-animals.com/animals/treeing-tennessee-brindle/
1255,Treeing Walker Coonhound,https://a-z-animals.com/animals/treeing-walker-coonhound/
1256,Tropicbird,https://a-z-animals.com/animals/tropicbird/
1257,Tsetse Fly,https://a-z-animals.com/animals/tsetse-fly/
1258,Tuatara,https://a-z-animals.com/animals/tuatara/
1259,Tuna,https://a-z-animals.com/animals/tuna/
1260,Turkey,https://a-z-animals.com/animals/turkey/
1261,Turkish Angora,https://a-z-animals.com/animals/turkish-angora/
1262,Turtles,https://a-z-animals.com/animals/turtles/
1263,Twig Snake,https://a-z-animals.com/animals/twig-snake/
1264,Uakari,https://a-z-animals.com/animals/uakari/
1265,Uguisu,https://a-z-animals.com/animals/uguisu/
1266,Uinta Ground Squirrel,https://a-z-animals.com/animals/uinta-ground-squirrel/
1267,Umbrellabird,https://a-z-animals.com/animals/umbrellabird/
1268,Utonagan,https://a-z-animals.com/animals/utonagan/
1269,Vampire Bat,https://a-z-animals.com/animals/vampire-bat/
1270,Vampire Squid,https://a-z-animals.com/animals/vampire-squid/
1271,Vaquita,https://a-z-animals.com/animals/vaquita/
1272,Venus Flytrap,https://a-z-animals.com/animals/venus-flytrap/
1273,Vervet Monkey,https://a-z-animals.com/animals/vervet-monkey/
1274,Vicuña,https://a-z-animals.com/animals/vicuna/
1275,Vinegaroon,https://a-z-animals.com/animals/vinegaroon/
1276,Virgin Islands Dwarf Gecko,https://a-z-animals.com/animals/virgin-islands-dwarf-gecko/
1277,Vizsla,https://a-z-animals.com/animals/vizsla/
1278,Volpino Italiano,https://a-z-animals.com/animals/volpino-italiano/
1279,Vulture,https://a-z-animals.com/animals/vulture/
1280,Walking Catfish,https://a-z-animals.com/animals/walking-catfish/
1281,Wallaby,https://a-z-animals.com/animals/wallaby/
1282,Walleye Fish,https://a-z-animals.com/animals/walleye-fish/
1283,Walrus,https://a-z-animals.com/animals/walrus/
1284,Wandering Albatross,https://a-z-animals.com/animals/wandering-albatross/
1285,Warthog,https://a-z-animals.com/animals/warthog/
1286,Wasp,https://a-z-animals.com/animals/wasp/
1287,Water Buffalo,https://a-z-animals.com/animals/water-buffalo/
1288,Water Dragon,https://a-z-animals.com/animals/water-dragon/
1289,Water Vole,https://a-z-animals.com/animals/water-vole/
1290,Weasel,https://a-z-animals.com/animals/weasel/
1291,Weimaraner,https://a-z-animals.com/animals/weimaraner/
1292,Weimardoodle,https://a-z-animals.com/animals/weimardoodle/
1293,Welsh Corgi,https://a-z-animals.com/animals/welsh-corgi/
1294,Welsh Terrier,https://a-z-animals.com/animals/welsh-terrier/
1295,West Highland Terrier,https://a-z-animals.com/animals/west-highland-terrier/
1296,Western Gorilla,https://a-z-animals.com/animals/western-gorilla/
1297,Western Lowland Gorilla,https://a-z-animals.com/animals/western-lowland-gorilla/
1298,Westiepoo,https://a-z-animals.com/animals/westiepoo/
1299,Whale Shark,https://a-z-animals.com/animals/whale-shark/
1300,Wheaten Terrier,https://a-z-animals.com/animals/wheaten-terrier/
1301,Whippet,https://a-z-animals.com/animals/whippet/
1302,Whiptail Lizard,https://a-z-animals.com/animals/whiptail-lizard/
1303,White Butterfly,https://a-z-animals.com/animals/white-butterfly/
1304,White Rhinoceros,https://a-z-animals.com/animals/white-rhinoceros/
1305,White Tiger,https://a-z-animals.com/animals/white-tiger/
1306,White-Faced Capuchin,https://a-z-animals.com/animals/white-faced-capuchin/
1307,White-tail deer,https://a-z-animals.com/animals/white-tail-deer/
1308,White-Tailed Eagle,https://a-z-animals.com/animals/white-tailed-eagle/
1309,Whoodle,https://a-z-animals.com/animals/whoodle/
1310,Whooping Crane,https://a-z-animals.com/animals/whooping-crane/
1311,Wild Boar,https://a-z-animals.com/animals/wild-boar/
1312,Wildebeest,https://a-z-animals.com/animals/wildebeest/
1313,Willow Warbler,https://a-z-animals.com/animals/willow-warbler/
1314,Wire Fox Terrier,https://a-z-animals.com/animals/wire-fox-terrier/
1315,Wirehaired Pointing Griffon,https://a-z-animals.com/animals/wirehaired-pointing-griffon/
1316,Wolf,https://a-z-animals.com/animals/wolf/
1317,Wolf Eel,https://a-z-animals.com/animals/wolf-eel/
1318,Wolf Spider,https://a-z-animals.com/animals/wolf-spider/
1319,Wolffish,https://a-z-animals.com/animals/wolffish/
1320,Wolverine,https://a-z-animals.com/animals/wolverine/
1321,Wombat,https://a-z-animals.com/animals/wombat/
1322,Wood Bison,https://a-z-animals.com/animals/wood-bison/
1323,Wood Frog,https://a-z-animals.com/animals/wood-frog/
1324,Wood Turtle,https://a-z-animals.com/animals/wood-turtle/
1325,Woodlouse,https://a-z-animals.com/animals/woodlouse/
1326,Woodlouse Spider,https://a-z-animals.com/animals/woodlouse-spider/
1327,Woodpecker,https://a-z-animals.com/animals/woodpecker/
1328,Woodrat,https://a-z-animals.com/animals/woodrat/
1329,Woolly Mammoth,https://a-z-animals.com/animals/woolly-mammoth/
1330,Woolly Monkey,https://a-z-animals.com/animals/woolly-monkey/
1331,Worm,https://a-z-animals.com/animals/worm/
1332,Wrasse,https://a-z-animals.com/animals/wrasse/
1333,Writing Spider,https://a-z-animals.com/animals/writing-spider/
1334,Wyoming Toad,https://a-z-animals.com/animals/wyoming-toad/
1335,X-Ray Tetra,https://a-z-animals.com/animals/x-ray-tetra/
1336,Xerus,https://a-z-animals.com/animals/xerus/
1337,Xoloitzcuintli,https://a-z-animals.com/animals/xoloitzcuintli/
1338,Yak,https://a-z-animals.com/animals/yak/
1339,Yakutian Laika,https://a-z-animals.com/animals/yakutian-laika/
1340,Yellow Sac Spider,https://a-z-animals.com/animals/yellow-sac-spider/
1341,Yellow-Eyed Penguin,https://a-z-animals.com/animals/yellow-eyed-penguin/
1342,Yellowfin Tuna,https://a-z-animals.com/animals/yellowfin-tuna/
1343,Yeti Crab,https://a-z-animals.com/animals/yeti-crab/
1344,Yoranian,https://a-z-animals.com/animals/yoranian/
1345,Yorkie Bichon,https://a-z-animals.com/animals/yorkie-bichon/
1346,Yorkie-poo,https://a-z-animals.com/animals/yorkie-poo/
1347,Yorkshire Terrier,https://a-z-animals.com/animals/yorkshire-terrier/
1348,Zebra,https://a-z-animals.com/animals/zebra/
1349,Zebra Finch,https://a-z-animals.com/animals/zebra-finch/
1350,Zebra Mussels,https://a-z-animals.com/animals/zebra-mussels/
1351,Zebra Pleco,https://a-z-animals.com/animals/zebra-pleco/
1352,Zebra Shark,https://a-z-animals.com/animals/zebra-shark/
1353,Zebu,https://a-z-animals.com/animals/zebu/
1354,Zonkey,https://a-z-animals.com/animals/zonkey/
1355,Zorse,https://a-z-animals.com/animals/zorse/
1356,Zuchon,https://a-z-animals.com/animals/zuchon/
